dateCrawled,name,seller,offerType,price,abtest,vehicleType,yearOfRegistration,gearbox,powerPS,model,kilometer,monthOfRegistration,fuelType,brand,notRepairedDamage,dateCreated,postalCode,lastSeen,yearOfCreation,yearCrawled,monthOfCreation,monthCrawled,NoOfDaysOnline,NoOfHrsOnline,yearsOld,monthsOld
2016-03-15 16:37:39,Jaguar_XJ40__sehr_gepflegt,privat,Offer,3750,control,limousine,1991,automatik,234,andere,150000,Jan,Gasoline,jaguar,No,2016-03-15 00:00:00,83435,2016-03-29 23:15:33,2016,2016,March,March,14,23,25,11
2016-03-17 11:55:03,Jaguar_S_Type_3.0_V6,privat,Offer,1999,control,limousine,1999,manuell,238,s_type,150000,Nov,Gasoline,jaguar,No,2016-03-17 00:00:00,76777,2016-04-02 14:15:47,2016,2016,March,March,16,14,17,1
2016-04-05 06:56:04,Leasinguebernahme_Jaguar_XF_3.0_V6_34.000_Restkilometer,privat,Offer,1,test,limousine,2013,automatik,241,x_type,30000,Sep,Diesel,jaguar,No,2016-04-05 00:00:00,92660,2016-04-07 09:44:19,2016,2016,April,April,2,9,3,3
2016-03-20 20:46:43,Jaguar_X_Type_2.2D_Executive_DPF,privat,Offer,4499,test,limousine,2007,manuell,146,x_type,150000,May,Diesel,jaguar,No,2016-03-20 00:00:00,46238,2016-03-27 10:44:47,2016,2016,March,March,7,10,9,7
2016-03-09 19:36:17,Jaguar_Stype_4_0_LPG_V8,privat,Offer,4000,test,limousine,2000,automatik,289,s_type,150000,Oct,Lpg,jaguar,Other,2016-03-09 00:00:00,45665,2016-03-21 02:18:40,2016,2016,March,March,12,2,16,2
2016-03-19 11:47:54,Jaguar_XJ_40_Automatik_EURO_2_!TOP!,privat,Offer,3850,test,limousine,1990,automatik,222,andere,150000,May,Gasoline,jaguar,No,2016-03-19 00:00:00,42107,2016-03-22 20:48:52,2016,2016,March,March,3,20,26,7
2016-03-26 00:57:03,Jaguar_XJ8_4.0_Executive,privat,Offer,5500,test,limousine,1998,automatik,284,andere,150000,Feb,Gasoline,jaguar,Other,2016-03-25 00:00:00,20355,2016-04-05 15:45:33,2016,2016,March,March,11,15,18,10
2016-03-22 12:55:55,Jaguar_S_Type_2.7_Twin_Turbo_Diesel_Aut._Executive,privat,Offer,2100,control,limousine,2006,automatik,207,s_type,150000,Oct,Diesel,jaguar,Yes,2016-03-22 00:00:00,48712,2016-04-06 02:16:28,2016,2016,March,March,15,2,10,2
2016-04-02 18:53:14,Jaguar_X_Type_Executive_3.0_V6_231_PS/_TÜV_10_16_/Scheckheft_/TOP,privat,Offer,4290,control,limousine,2001,automatik,231,x_type,150000,Nov,Gasoline,jaguar,No,2016-04-02 00:00:00,26384,2016-04-04 18:52:08,2016,2016,April,April,2,18,15,1
2016-03-12 15:37:16,Jaguar_XJ8,privat,Offer,890,control,limousine,1999,automatik,237,andere,125000,Jul,Gasoline,jaguar,Yes,2016-03-12 00:00:00,81829,2016-03-12 15:37:16,2016,2016,March,March,0,15,17,5
2016-03-25 21:36:18,Jaguar_XJ_4.0_Executive,privat,Offer,5500,test,limousine,1998,automatik,284,andere,150000,Feb,Gasoline,jaguar,No,2016-03-25 00:00:00,20355,2016-04-07 03:46:48,2016,2016,March,March,13,3,18,10
2016-03-05 20:06:32,Jaguar_X_Type_2.0_Diesel_TÜV_10/2017,privat,Offer,3599,test,limousine,2003,manuell,131,x_type,150000,Nov,Diesel,jaguar,No,2016-03-05 00:00:00,55411,2016-03-05 20:06:32,2016,2016,March,March,0,20,13,1
2016-04-03 09:50:40,Jaguar_S_Type_3.0_V6_Executive,privat,Offer,5950,control,limousine,2000,automatik,238,s_type,125000,Mar,Gasoline,jaguar,No,2016-04-03 00:00:00,86356,2016-04-07 10:45:43,2016,2016,April,April,4,10,16,9
2016-03-22 17:37:56,Jaguar_X_Type_2_0_Diesel_Tuev_neu_Top_zustand_voll_fahrbereit,privat,Offer,3850,control,limousine,2005,manuell,131,x_type,150000,Jul,Diesel,jaguar,No,2016-03-22 00:00:00,48691,2016-03-22 17:37:56,2016,2016,March,March,0,17,11,5
2016-03-27 22:37:02,Jaguar_einwandfreiem_Zustand,privat,Offer,4500,test,limousine,2005,automatik,207,s_type,150000,Jun,Diesel,jaguar,Other,2016-03-27 00:00:00,91710,2016-04-06 06:17:21,2016,2016,March,March,10,6,11,6
2016-03-29 01:56:55,jaguar_xj6__3.2l__Teiletraeger,privat,Offer,750,control,limousine,1990,automatik,200,x_type,150000,Jul,Other,jaguar,Other,2016-03-29 00:00:00,45326,2016-04-05 17:26:02,2016,2016,March,March,7,17,26,5
2016-03-31 01:51:15,Jaguar_XJ40_Long_Version_nicht_fahrtauglich,privat,Offer,1250,control,limousine,1994,automatik,222,andere,150000,Nov,Gasoline,jaguar,Other,2016-03-31 00:00:00,60529,2016-04-05 17:26:10,2016,2016,March,March,5,17,22,1
2016-04-05 12:38:04,Jaguar_styp_4.0_l_v8,privat,Offer,2450,test,limousine,2000,automatik,276,s_type,150000,May,Gasoline,jaguar,Other,2016-04-05 00:00:00,64521,2016-04-05 12:38:04,2016,2016,April,April,0,12,16,7
2016-03-29 11:52:54,Jaguar_S_Type_3.0_V6_Aut._Executive,privat,Offer,8900,test,limousine,2005,automatik,238,s_type,125000,Jun,Gasoline,jaguar,No,2016-03-29 00:00:00,64331,2016-04-05 21:45:26,2016,2016,March,March,7,21,11,6
2016-03-29 14:50:31,Jaguar_XJ6_3.2,privat,Offer,1195,test,limousine,1995,automatik,211,andere,150000,Jan,Lpg,jaguar,No,2016-03-29 00:00:00,48653,2016-04-06 00:44:25,2016,2016,March,March,8,0,21,11
2016-03-16 21:54:27,Jaguar_X_Type_2.5_V6_4x4_Executive,privat,Offer,2699,control,limousine,2002,manuell,196,x_type,150000,Aug,Gasoline,jaguar,No,2016-03-16 00:00:00,16792,2016-04-05 12:19:46,2016,2016,March,March,20,12,14,4
2016-03-21 20:46:35,Jaguar_S_Type_3.0_V6_Aut._Executive,privat,Offer,5550,control,limousine,2006,automatik,238,s_type,150000,Sep,Gasoline,jaguar,No,2016-03-21 00:00:00,4420,2016-04-07 00:16:31,2016,2016,March,March,17,0,10,3
2016-03-25 11:37:55,Jaguar_X_Type_2.5_V6_4x4_Executive,privat,Offer,4800,test,limousine,2006,manuell,196,x_type,150000,May,Gasoline,jaguar,No,2016-03-25 00:00:00,93077,2016-03-28 10:17:17,2016,2016,March,March,3,10,10,7
2016-03-21 18:40:28,Jaguar_XJ6_+_XJ40_+_4.0_+_Daimler_+_Scheckheft_+,privat,Offer,1950,test,limousine,1992,automatik,222,andere,150000,Jul,Gasoline,jaguar,Yes,2016-03-21 00:00:00,83435,2016-03-25 15:49:54,2016,2016,March,March,4,15,24,5
2016-03-29 18:56:23,+++++_Jaguar_X_Type_Executive_3.0_V6_231_PS_&_TÜV_NEU_+++++,privat,Offer,4290,control,limousine,2001,automatik,231,x_type,150000,Nov,Gasoline,jaguar,No,2016-03-29 00:00:00,26384,2016-04-04 03:47:02,2016,2016,March,March,6,3,15,1
2016-03-11 23:52:45,Jaguar_X_Type_2.0_Diesel,privat,Offer,3300,test,limousine,2004,manuell,130,x_type,150000,Feb,Diesel,jaguar,No,2016-03-11 00:00:00,52068,2016-04-05 15:17:00,2016,2016,March,March,25,15,12,10
2016-03-13 11:42:52,Jaguar_XJ6_Serie_1_mit_Elektrisches_Schiebedach,privat,Offer,3600,control,limousine,1974,automatik,169,andere,90000,Apr,Gasoline,jaguar,No,2016-03-13 00:00:00,30974,2016-04-06 15:17:19,2016,2016,March,March,24,15,42,8
2016-03-15 21:40:56,Jaguar_XJ6_XJ40_4.0_Sovereign___lueckenloses_Scheckheft!,privat,Offer,5500,control,limousine,1991,automatik,222,andere,150000,Oct,Gasoline,jaguar,No,2016-03-15 00:00:00,45468,2016-04-05 02:16:21,2016,2016,March,March,21,2,25,2
2016-03-31 19:43:30,Jaguar_XJ40,privat,Offer,3850,control,limousine,1992,automatik,199,andere,150000,Apr,Gasoline,jaguar,No,2016-03-31 00:00:00,58285,2016-04-06 13:45:34,2016,2016,March,March,6,13,24,8
2016-03-10 11:50:14,jaguar._XJ._SPORT._4.0_L,privat,Offer,2000,test,limousine,1996,automatik,0,andere,150000,Jun,Gasoline,jaguar,No,2016-03-10 00:00:00,82194,2016-03-17 17:15:55,2016,2016,March,March,7,17,20,6
2016-03-14 22:45:32,Jaguar_S_Type_4.2_V8_Sport_Facelift,privat,Offer,2650,control,limousine,2002,automatik,298,s_type,150000,May,Gasoline,jaguar,No,2016-03-14 00:00:00,79098,2016-04-06 17:46:32,2016,2016,March,March,23,17,14,7
2016-03-30 15:52:27,Jaguar_X_Type_2.0_Diesel,privat,Offer,7200,test,limousine,2005,manuell,131,x_type,150000,Jan,Diesel,jaguar,No,2016-03-30 00:00:00,50169,2016-04-07 06:44:48,2016,2016,March,March,8,6,11,11
2016-03-20 09:55:05,Jaguar_X_Type_2.0_Diesel,privat,Offer,3300,control,limousine,2004,manuell,131,x_type,150000,May,Diesel,jaguar,No,2016-03-20 00:00:00,16540,2016-04-06 06:17:45,2016,2016,March,March,17,6,12,7
2016-03-16 18:42:51,Jaguar_XJ6_3.2,privat,Offer,6001,control,limousine,1995,automatik,211,andere,150000,Mar,Gasoline,jaguar,No,2016-03-16 00:00:00,47625,2016-04-07 02:16:08,2016,2016,March,March,22,2,21,9
2016-03-27 13:37:57,Jaguar_XJ40_Daimler,privat,Offer,4450,test,limousine,1993,automatik,222,andere,125000,Nov,Gasoline,jaguar,No,2016-03-27 00:00:00,45479,2016-04-07 09:16:07,2016,2016,March,March,11,9,23,1
2016-03-21 16:00:14,Jaguar_x_Type_2006,privat,Offer,2950,control,limousine,2006,manuell,0,x_type,90000,Apr,Diesel,jaguar,Other,2016-03-21 00:00:00,61250,2016-03-21 16:00:14,2016,2016,March,March,0,16,10,8
2016-03-10 00:50:52,JAGUAR_S_TYPE,privat,Offer,3900,control,limousine,2002,automatik,200,s_type,150000,Nov,Gasoline,jaguar,Other,2016-03-09 00:00:00,40724,2016-04-01 19:47:30,2016,2016,March,March,23,19,14,1
2016-03-08 06:36:36,Jaguar_X_Type_2.5_V6_4x4_Aut._Executive,privat,Offer,2950,test,limousine,2004,automatik,196,x_type,150000,Jun,Lpg,jaguar,No,2016-03-08 00:00:00,45139,2016-03-20 06:15:50,2016,2016,March,March,12,6,12,6
2016-03-10 13:36:59,Jaguar_S_Type_2.7_Twin_Turbo_Diesel_Aut.,privat,Offer,5800,test,limousine,2007,automatik,207,s_type,150000,Jan,Diesel,jaguar,No,2016-03-10 00:00:00,50858,2016-03-21 00:45:21,2016,2016,March,March,11,0,9,11
2016-03-25 09:53:49,Jaguar_S_Type_3.0_Executive___Vollausstattung_mit_Navi_Tuev_9/2016,privat,Offer,2450,test,limousine,1999,automatik,238,s_type,150000,Nov,Gasoline,jaguar,No,2016-03-25 00:00:00,21335,2016-04-04 09:16:09,2016,2016,March,March,10,9,17,1
2016-03-21 17:58:04,Jaguar_S_Type_3.0_V6,privat,Offer,2950,control,limousine,2001,automatik,238,s_type,150000,Mar,Gasoline,jaguar,No,2016-03-21 00:00:00,66121,2016-04-02 19:46:47,2016,2016,March,March,12,19,15,9
2016-04-01 23:56:30,"Jaguar_X_Type_2.5_V6_4x4_Navi_MP3_Android_18""_Alufelgen",privat,Offer,4499,control,limousine,2001,manuell,196,x_type,150000,Nov,Gasoline,jaguar,No,2016-04-01 00:00:00,22309,2016-04-06 04:16:32,2016,2016,April,April,5,4,15,1
2016-03-16 14:25:18,Jaguar_S_Type_3.0_V6,privat,Offer,1800,control,limousine,2001,manuell,238,s_type,150000,May,Gasoline,jaguar,Other,2016-03-16 00:00:00,35764,2016-03-20 04:46:32,2016,2016,March,March,4,4,15,7
2016-03-12 21:45:39,Jaguar_S_Type_mit_LPG_Gas_Anlage_Klima,privat,Offer,3950,test,limousine,2003,manuell,156,s_type,150000,Apr,Gasoline,jaguar,No,2016-03-12 00:00:00,45888,2016-03-20 01:47:57,2016,2016,March,March,8,1,13,8
2016-03-26 00:44:59,Jaguar_XJ8_4.0_Executive_V8,privat,Offer,5500,test,limousine,1998,automatik,284,andere,150000,Feb,Gasoline,jaguar,No,2016-03-25 00:00:00,20355,2016-04-07 10:17:30,2016,2016,March,March,13,10,18,10
2016-03-08 19:56:48,Jaguar_XJ6_4.0_Sovereign,privat,Offer,3700,test,limousine,1995,automatik,230,andere,150000,Oct,Gasoline,jaguar,No,2016-03-08 00:00:00,85445,2016-04-05 18:44:49,2016,2016,March,March,28,18,21,2
2016-03-29 16:52:21,Jaguar_X_Type_2.5_V6_4x4_Executive,privat,Offer,4800,control,limousine,2003,manuell,196,x_type,150000,Sep,Gasoline,jaguar,No,2016-03-29 00:00:00,88348,2016-04-06 02:44:59,2016,2016,March,March,8,2,13,3
2016-03-14 22:59:04,Jaguar_S_Type_4.2_V8_LPG,privat,Offer,6000,control,limousine,2002,automatik,298,s_type,150000,Nov,Lpg,jaguar,No,2016-03-14 00:00:00,42105,2016-04-05 11:49:40,2016,2016,March,March,22,11,14,1
2016-03-10 10:56:35,Jaguar_xtype_sport_v6__4x4_Racing_Green,privat,Offer,2750,test,limousine,2002,manuell,0,Other,150000,May,Other,jaguar,Other,2016-03-10 00:00:00,66839,2016-03-15 19:46:42,2016,2016,March,March,5,19,14,7
2016-04-06 16:06:18,Jaguar_X_Type_134.800_km_Getriebeschaden,privat,Offer,2990,control,limousine,2003,automatik,156,x_type,150000,Mar,Gasoline,jaguar,No,2016-04-06 00:00:00,65451,2016-04-06 16:06:18,2016,2016,April,April,0,16,13,9
2016-03-22 19:46:54,"Jaguar_XJR_V8_Kompressor___BBS_19""_Echter_Blickfang",privat,Offer,9999,test,limousine,1998,automatik,363,andere,150000,Nov,Gasoline,jaguar,No,2016-03-22 00:00:00,68766,2016-04-06 12:45:28,2016,2016,March,March,15,12,18,1
2016-03-30 09:56:05,Jaguar_X_Type_3.0_4x4_Executive_/_AUTOMATIK_/_PRINS_LPG,privat,Offer,4500,control,limousine,2001,automatik,230,x_type,150000,Sep,Lpg,jaguar,No,2016-03-30 00:00:00,45770,2016-04-07 01:17:35,2016,2016,March,March,8,1,15,3
2016-03-14 13:57:19,Jaguar_mit_Gas,privat,Offer,2000,test,limousine,2002,manuell,0,x_type,150000,May,Other,jaguar,Other,2016-03-14 00:00:00,67061,2016-03-31 00:45:47,2016,2016,March,March,17,0,14,7
2016-03-05 14:23:53,Jaguar_X_Type_!!_Rechtslenker_Englische_Papiere_!!_Sehr_Sauber!!,privat,Offer,1200,test,limousine,2002,automatik,159,x_type,125000,Mar,Gasoline,jaguar,Yes,2016-03-04 00:00:00,56073,2016-03-17 07:46:02,2016,2016,March,March,13,7,14,9
2016-04-02 10:41:39,Jaguar_S_Typ_4.0_V8_aus_Promibesitz__ex._Graciano_Rocchigiani_,privat,Offer,1499,test,limousine,1999,automatik,276,s_type,150000,Nov,Gasoline,jaguar,Yes,2016-04-02 00:00:00,32257,2016-04-06 08:15:35,2016,2016,April,April,4,8,17,1
2016-03-21 14:47:45,Jaguar_XJ8_308_V8,privat,Offer,1450,control,limousine,1997,automatik,237,andere,150000,Jan,Gasoline,jaguar,Other,2016-03-21 00:00:00,81379,2016-04-07 13:17:29,2016,2016,March,March,17,13,19,11
2016-03-14 10:48:03,Jaguar_X_Type_2.0_V6_LEDER_SHZG_PDC_2.HAND,privat,Offer,1650,control,limousine,2003,manuell,156,x_type,150000,Mar,Gasoline,jaguar,No,2016-03-14 00:00:00,32699,2016-04-05 08:51:40,2016,2016,March,March,22,8,13,9
2016-03-07 10:51:03,Jaguar_X_Type_2.0_Diesel,privat,Offer,3333,test,limousine,2003,manuell,131,x_type,150000,Nov,Diesel,jaguar,No,2016-03-07 00:00:00,55411,2016-03-08 16:35:18,2016,2016,March,March,1,16,13,1
2016-04-04 10:37:00,Jaguar_X_Type,privat,Offer,0,control,limousine,2002,automatik,0,Other,150000,Jan,Gasoline,jaguar,Other,2016-04-04 00:00:00,66763,2016-04-04 10:37:00,2016,2016,April,April,0,10,14,11
2016-03-25 18:46:44,Jaguar_X_Type_2.5l_V6___Allrad___Navi,privat,Offer,4350,test,limousine,2001,automatik,198,x_type,150000,Jan,Gasoline,jaguar,No,2016-03-25 00:00:00,36396,2016-04-07 00:17:28,2016,2016,March,March,13,0,15,11
2016-03-27 22:38:33,Jaguare_xj8__lang,privat,Offer,5999,test,limousine,2005,automatik,0,Other,150000,Feb,Gasoline,jaguar,Other,2016-03-27 00:00:00,81379,2016-03-31 06:15:20,2016,2016,March,March,4,6,11,10
2016-03-29 19:43:50,Jaguar_XJ300_3.2,privat,Offer,4800,control,limousine,1995,automatik,214,andere,150000,Jan,Gasoline,jaguar,No,2016-03-29 00:00:00,93047,2016-03-31 12:47:33,2016,2016,March,March,2,12,21,11
2016-03-08 12:56:52,Jaguar_S_Type_Bj99_3.0_V6,privat,Offer,1000,test,limousine,1999,automatik,238,s_type,150000,Jun,Gasoline,jaguar,Yes,2016-03-08 00:00:00,55629,2016-03-26 09:15:29,2016,2016,March,March,18,9,17,6
2016-03-30 15:59:17,Jaguar_S_Type_R,privat,Offer,5900,test,limousine,2002,automatik,396,s_type,150000,Jul,Gasoline,jaguar,Yes,2016-03-30 00:00:00,85748,2016-04-07 06:44:54,2016,2016,March,March,8,6,14,5
2016-04-05 07:57:44,Jaguar_S_Type_3.0_Executive___Vollausstattung_mit_Navi_Tuev_9/2016,privat,Offer,2390,test,limousine,1999,automatik,238,s_type,150000,Nov,Gasoline,jaguar,No,2016-04-05 00:00:00,21335,2016-04-07 12:15:49,2016,2016,April,April,2,12,17,1
2016-03-18 09:37:47,Jaguar_X_Type_Executive_3.0_V6_231_PS_Automatik_&_Allrad,privat,Offer,4390,control,limousine,2001,automatik,231,x_type,150000,Nov,Gasoline,jaguar,No,2016-03-18 00:00:00,26384,2016-04-02 23:50:41,2016,2016,March,March,15,23,15,1
2016-03-24 10:53:18,Jaguar_S_Type_3.0___KLASSE__,privat,Offer,3400,test,limousine,2003,automatik,0,s_type,150000,Jul,Gasoline,jaguar,Other,2016-03-24 00:00:00,10969,2016-03-28 19:45:01,2016,2016,March,March,4,19,13,5
2016-03-29 09:37:20,Jaguar_S_Type_4.0_V8,privat,Offer,3999,test,limousine,1999,automatik,276,s_type,150000,Jun,Gasoline,jaguar,No,2016-03-29 00:00:00,80992,2016-03-29 10:44:23,2016,2016,March,March,0,10,17,6
2016-03-05 23:54:27,Zehr_gutterschstand,privat,Offer,8500,control,limousine,2006,automatik,0,s_type,150000,Jan,Other,jaguar,No,2016-03-05 00:00:00,85057,2016-04-07 07:45:18,2016,2016,March,March,33,7,10,11
2016-04-05 01:37:00,Jaguar_S_Type_3.0_V6_Sport_WAHRER_HINGUCKER,privat,Offer,3500,control,limousine,2000,manuell,238,s_type,150000,Feb,Gasoline,jaguar,Other,2016-04-05 00:00:00,91074,2016-04-07 11:15:27,2016,2016,April,April,2,11,16,10
2016-03-05 15:54:45,Jaguar_XJ6_3.2,privat,Offer,1000,control,limousine,1995,automatik,211,andere,150000,Nov,Gasoline,jaguar,No,2016-03-05 00:00:00,28201,2016-03-08 13:47:09,2016,2016,March,March,3,13,21,1
2016-03-31 19:38:43,Jaguar_XJ6_3.2_Executive,privat,Offer,4100,control,limousine,1996,automatik,211,andere,150000,Oct,Gasoline,jaguar,No,2016-03-31 00:00:00,82386,2016-04-02 15:16:20,2016,2016,March,March,2,15,20,2
2016-03-24 13:51:48,Jaguar_XJ6_3.2_restauriert_Tuev_2/18,privat,Offer,6990,control,limousine,1993,automatik,199,andere,150000,Oct,Gasoline,jaguar,No,2016-03-24 00:00:00,24610,2016-04-01 09:18:19,2016,2016,March,March,8,9,23,2
2016-04-06 17:25:37,Jaguar_X_Type_2.2_Diesel_Aut.,privat,Offer,5990,test,limousine,2009,automatik,145,x_type,150000,May,Diesel,jaguar,Yes,2016-04-06 00:00:00,65428,2016-04-06 17:25:37,2016,2016,April,April,0,17,7,7
2016-03-06 00:37:54,Sehr_gutter_zustand,privat,Offer,8500,control,limousine,2006,automatik,0,s_type,150000,Jan,Other,jaguar,No,2016-03-05 00:00:00,85057,2016-04-05 20:46:02,2016,2016,March,March,31,20,10,11
2016-03-08 15:38:20,Jaguar_s_Type,privat,Offer,1449,test,limousine,1999,manuell,238,s_type,150000,Aug,Gasoline,jaguar,No,2016-03-08 00:00:00,45665,2016-04-04 06:19:06,2016,2016,March,March,27,6,17,4
2016-03-07 16:53:36,Jaguar_X_Type_2.5_V6_4x4_Executive_Automatik_8_fach_Alu_Felgen,privat,Offer,4200,control,limousine,2002,automatik,196,x_type,150000,Feb,Other,jaguar,Yes,2016-03-07 00:00:00,82229,2016-04-05 23:45:31,2016,2016,March,March,29,23,14,10
2016-03-10 16:44:28,Jaguar_XF_2.7_V6_Diesel,privat,Offer,9890,control,limousine,2008,automatik,207,andere,60000,Mar,Diesel,jaguar,Yes,2016-03-10 00:00:00,45883,2016-03-22 07:16:50,2016,2016,March,March,12,7,8,9
2016-03-30 19:37:42,Jaguar_X_Type_2.0_V8,privat,Offer,4000,test,limousine,2002,manuell,156,x_type,150000,May,Gasoline,jaguar,No,2016-03-30 00:00:00,27793,2016-04-07 10:46:54,2016,2016,March,March,8,10,14,7
2016-03-16 12:06:16,Jaguar_X_Type_2.5_V6_4x4,privat,Offer,3450,test,limousine,2002,manuell,196,x_type,100000,Mar,Gasoline,jaguar,No,2016-03-16 00:00:00,60322,2016-03-17 23:11:59,2016,2016,March,March,1,23,14,9
2016-04-05 09:56:12,"JAGUAR_S_TYPE_2_7_DIESEL_""VOLLAUSSTATTUNG_6_GANG_SCHALTGETRIEBE""",privat,Offer,7900,control,limousine,2006,manuell,207,s_type,150000,Nov,Diesel,jaguar,No,2016-04-05 00:00:00,87616,2016-04-07 13:17:01,2016,2016,April,April,2,13,10,1
2016-03-07 16:55:29,Jaguar_V_8_aus_Insolvenz__guter_Zustand_mit_TueV_bis_2017,privat,Offer,3100,control,limousine,1998,automatik,237,andere,150000,Apr,Gasoline,jaguar,No,2016-03-07 00:00:00,53721,2016-03-09 17:43:33,2016,2016,March,March,2,17,18,8
2016-03-30 18:54:51,Jaguar_X_Type_Executive_3.0_V6_231_PS_/TÜV_NEU_/Scheckheft_/TOP,privat,Offer,4290,test,limousine,2001,automatik,231,x_type,150000,Nov,Gasoline,jaguar,No,2016-03-30 00:00:00,26384,2016-04-03 15:16:14,2016,2016,March,March,4,15,15,1
2016-03-20 19:52:39,Jaguar_XJ_6___X_300____4_0__6_Zylinder_guter_Zustand__Sovereign,privat,Offer,2800,test,limousine,1996,automatik,241,x_type,150000,Sep,Gasoline,jaguar,Other,2016-03-20 00:00:00,93339,2016-04-07 04:17:19,2016,2016,March,March,18,4,20,3
2016-04-06 08:36:18,Jaguar_S_Type_Executive_4.2_V8,privat,Offer,6890,test,limousine,2002,automatik,298,s_type,125000,Nov,Gasoline,jaguar,No,2016-04-06 00:00:00,25770,2016-04-06 08:36:18,2016,2016,April,April,0,8,14,1
2016-03-13 23:47:25,Jaguar_XJ6,privat,Offer,1499,test,limousine,1988,automatik,185,x_type,150000,Oct,Gasoline,jaguar,No,2016-03-13 00:00:00,1796,2016-04-07 00:44:50,2016,2016,March,March,25,0,28,2
2016-03-26 23:52:05,Jaguar_X_Type_2.0_V6_Sport,privat,Offer,5600,test,limousine,2003,manuell,156,x_type,100000,Sep,Gasoline,jaguar,No,2016-03-26 00:00:00,71546,2016-04-07 01:46:35,2016,2016,March,March,12,1,13,3
2016-03-16 16:55:30,Jaguar_XJR_4.0_Kompressor_Leder__Harman_Kardon,privat,Offer,3250,control,limousine,1996,automatik,320,andere,150000,Nov,Gasoline,jaguar,No,2016-03-16 00:00:00,81375,2016-04-06 21:47:00,2016,2016,March,March,21,21,20,1
2016-03-24 13:47:44,Jaguar_xj6_X300,privat,Offer,3600,control,limousine,1996,automatik,211,andere,150000,Nov,Gasoline,jaguar,Other,2016-03-24 00:00:00,78056,2016-03-25 22:44:33,2016,2016,March,March,1,22,20,1
2016-03-09 19:37:03,Jaguar_XJR,privat,Offer,10500,test,limousine,1999,automatik,363,andere,125000,Feb,Gasoline,jaguar,No,2016-03-09 00:00:00,28201,2016-04-05 12:45:27,2016,2016,March,March,27,12,17,10
2016-03-31 10:39:17,Jaguar_XJ8_4.0_Sovereign,privat,Offer,8500,control,limousine,2000,automatik,237,andere,150000,Jan,Gasoline,jaguar,No,2016-03-31 00:00:00,22952,2016-04-06 03:15:39,2016,2016,March,March,6,3,16,11
2016-04-06 20:06:23,Jaguar_x_Type_2.2_diesel,privat,Offer,3999,control,limousine,2006,manuell,0,x_type,150000,May,Diesel,jaguar,Other,2016-04-06 00:00:00,61169,2016-04-06 20:06:23,2016,2016,April,April,0,20,10,7
2016-03-24 09:58:28,Jaguar_S_Type,privat,Offer,3400,control,limousine,2000,automatik,238,s_type,150000,Mar,Gasoline,jaguar,No,2016-03-24 00:00:00,81541,2016-03-28 18:48:25,2016,2016,March,March,4,18,16,9
2016-04-01 17:54:01,Jaguar_XJ8_4.0_Liter_Sovereign,privat,Offer,9950,test,limousine,2000,automatik,284,andere,90000,Nov,Gasoline,jaguar,No,2016-04-01 00:00:00,89173,2016-04-05 18:17:44,2016,2016,April,April,4,18,16,1
2016-03-30 14:46:01,Jaguar_XF_2_7,privat,Offer,8000,control,limousine,2008,automatik,206,andere,125000,Mar,Diesel,jaguar,Yes,2016-03-30 00:00:00,44289,2016-04-07 05:16:49,2016,2016,March,March,8,5,8,9
2016-04-04 15:58:21,Jaguar_X300__4.0l_Automatik,privat,Offer,1500,test,limousine,1995,automatik,177,x_type,150000,Nov,Gasoline,jaguar,No,2016-04-04 00:00:00,63454,2016-04-06 17:45:07,2016,2016,April,April,2,17,21,1
2016-03-14 10:50:14,Jaguar_X_Type_2.2_Diesel,privat,Offer,9500,test,limousine,2007,manuell,0,x_type,90000,Jul,Diesel,jaguar,No,2016-03-14 00:00:00,35649,2016-03-16 17:18:58,2016,2016,March,March,2,17,9,5
2016-03-08 10:45:11,Jaguar_XJ40_Insignia,privat,Offer,7200,test,limousine,1994,automatik,222,andere,100000,Mar,Gasoline,jaguar,No,2016-03-08 00:00:00,14624,2016-04-04 23:45:35,2016,2016,March,March,27,23,22,9
2016-04-01 10:37:13,Jaguar_S_Type_3.0_V6_LPG_GRÜNEPLAKETTE,privat,Offer,3450,control,limousine,2000,manuell,238,s_type,150000,Oct,Lpg,jaguar,No,2016-04-01 00:00:00,50181,2016-04-07 06:46:11,2016,2016,April,April,6,6,16,2
2016-04-03 18:06:25,Jaguar_X_Type_2.0_V6,privat,Offer,4500,test,limousine,2002,automatik,156,x_type,125000,Nov,Gasoline,jaguar,No,2016-04-03 00:00:00,61184,2016-04-06 15:45:52,2016,2016,April,April,3,15,14,1
2016-04-03 21:37:42,Jaguar_S_Type_3.0l_v6_Automatik_schwarz_07.2017_TÜV_Jaguar_felgen,privat,Offer,3500,test,limousine,2000,automatik,238,s_type,150000,Apr,Gasoline,jaguar,No,2016-04-03 00:00:00,31061,2016-04-05 22:18:19,2016,2016,April,April,2,22,16,8
2016-03-24 17:53:14,2000Jaguar_XJ8__VANDEN_PLAS_aus__USA,privat,Offer,5999,control,limousine,2000,automatik,390,x_type,150000,Jan,Gasoline,jaguar,Yes,2016-03-24 00:00:00,41379,2016-04-07 12:16:42,2016,2016,March,March,14,12,16,11
2016-03-08 03:02:29,Jaguar_S_Type_!_Vollausstattung_!_TÜV_neu_!_Schwarz/Schwarz,privat,Offer,0,control,limousine,2001,automatik,0,s_type,150000,Jul,Gasoline,jaguar,No,2016-03-08 00:00:00,21465,2016-03-31 06:44:47,2016,2016,March,March,23,6,15,5
2016-04-03 21:55:32,Jaguar_XJ_2002_4.0_V8_Rechtslenker_!!,privat,Offer,1500,test,limousine,2002,automatik,0,x_type,125000,Apr,Gasoline,jaguar,Other,2016-04-03 00:00:00,10555,2016-04-05 23:44:49,2016,2016,April,April,2,23,14,8
2016-04-01 19:46:48,Jaguar_S_Type_2.5_V6_Sport___Topzustand___Topoptik__,privat,Offer,7990,control,limousine,2002,automatik,200,s_type,125000,Nov,Gasoline,jaguar,No,2016-04-01 00:00:00,42117,2016-04-05 16:44:22,2016,2016,April,April,4,16,14,1
2016-03-15 00:53:03,Jaguar_S_Type_2.7_Diesel,privat,Offer,7500,test,limousine,2004,automatik,207,s_type,150000,Nov,Diesel,jaguar,No,2016-03-14 00:00:00,24539,2016-03-21 02:46:25,2016,2016,March,March,7,2,12,1
2016-04-02 11:45:23,Jaguar_XJ6__H_Abnahme__1_Hand,privat,Offer,7500,test,limousine,1979,automatik,169,andere,125000,May,Gasoline,jaguar,No,2016-04-02 00:00:00,67256,2016-04-06 09:17:36,2016,2016,April,April,4,9,37,7
2016-03-10 09:37:55,Jaguar_S_Type_Unfall,privat,Offer,1000,test,limousine,2002,automatik,200,s_type,150000,Jun,Gasoline,jaguar,Yes,2016-03-10 00:00:00,52511,2016-03-10 10:43:08,2016,2016,March,March,0,10,14,6
2016-03-26 17:25:21,Jaguar_X_Type_2.0_Diesel,privat,Offer,5500,test,limousine,2005,manuell,131,x_type,150000,Sep,Diesel,jaguar,No,2016-03-26 00:00:00,61169,2016-04-06 17:46:06,2016,2016,March,March,11,17,11,3
2016-03-20 18:26:47,Jaguar_S_Type_4.2_V8_Executive__viele_Neuteile,privat,Offer,6800,control,limousine,2003,automatik,298,s_type,150000,Aug,Gasoline,jaguar,No,2016-03-20 00:00:00,61273,2016-04-05 21:15:51,2016,2016,March,March,16,21,13,4
2016-04-06 14:06:19,*Tausche_Jaguar_4.0_V8_gegen_Saab_95_*___*Opel_Omega*___*Audi_A6*,privat,Offer,0,test,limousine,2001,automatik,276,s_type,90000,Sep,Gasoline,jaguar,Yes,2016-04-06 00:00:00,53547,2016-04-06 14:06:19,2016,2016,April,April,0,14,15,3
2016-04-01 13:49:53,Jaguar_S_Type_2.7_Twin_Turbo_Diesel_Aut.,privat,Offer,2800,test,limousine,2006,automatik,207,s_type,150000,Oct,Diesel,jaguar,Yes,2016-04-01 00:00:00,47137,2016-04-07 10:45:52,2016,2016,April,April,6,10,10,2
2016-03-27 19:39:19,Jaguar_XJ,privat,Offer,2500,control,limousine,2003,Unspecified,0,andere,50000,Jun,Other,jaguar,No,2016-03-27 00:00:00,29683,2016-03-31 01:15:53,2016,2016,March,March,4,1,13,6
2016-03-22 13:53:50,Jaguar_S_Type_3.0_V6_Executive,privat,Offer,2250,control,limousine,2000,automatik,238,s_type,150000,Mar,Gasoline,jaguar,Yes,2016-03-22 00:00:00,26121,2016-03-28 03:17:29,2016,2016,March,March,6,3,16,9
2016-04-02 15:44:45,Jaguar_XJ8_RHD_4_Ltr.,privat,Offer,1995,control,limousine,1999,automatik,284,andere,150000,Apr,Gasoline,jaguar,Other,2016-04-02 00:00:00,52531,2016-04-06 14:17:06,2016,2016,April,April,4,14,17,8
2016-03-09 20:56:10,Jaguar_X_Type_2.0_V6,privat,Offer,8000,test,limousine,2002,automatik,156,x_type,125000,Apr,Gasoline,jaguar,No,2016-03-09 00:00:00,95463,2016-04-05 18:46:44,2016,2016,March,March,27,18,14,8
2016-03-29 14:37:32,Jaguar_X_Type_2.2_Diesel_Executive,privat,Offer,4990,test,limousine,2006,manuell,155,x_type,90000,Feb,Diesel,jaguar,No,2016-03-29 00:00:00,44145,2016-04-05 23:46:56,2016,2016,March,March,7,23,10,10
2016-03-11 15:58:08,Jaguar_S_Type_3.0_V6_Executive,privat,Offer,1750,test,limousine,2000,automatik,238,s_type,150000,Sep,Gasoline,jaguar,No,2016-03-11 00:00:00,92358,2016-03-30 22:18:10,2016,2016,March,March,19,22,16,3
2016-03-07 22:55:38,Jaguar_S_Type,privat,Offer,8950,test,limousine,2008,automatik,207,s_type,150000,May,Diesel,jaguar,Other,2016-03-07 00:00:00,44357,2016-04-05 12:16:04,2016,2016,March,March,29,12,8,7
2016-03-18 15:37:02,Jaguar_X_Type_2.5_V6_4x4_Sport_Rot,privat,Offer,3800,control,limousine,2001,manuell,196,x_type,150000,Jun,Gasoline,jaguar,No,2016-03-18 00:00:00,42369,2016-04-05 22:18:56,2016,2016,March,March,18,22,15,6
2016-03-30 13:39:32,Jaguar_S_Type_2.7_Twin_Turbo_Diesel,privat,Offer,5900,test,limousine,2004,automatik,207,s_type,150000,Nov,Diesel,jaguar,No,2016-03-30 00:00:00,24534,2016-04-07 04:15:36,2016,2016,March,March,8,4,12,1
2016-03-05 16:58:41,Jaguar_X_Type_2.0_Diesel_Executive,privat,Offer,2250,control,limousine,2004,manuell,131,x_type,150000,Aug,Diesel,jaguar,No,2016-03-05 00:00:00,45884,2016-03-26 04:47:12,2016,2016,March,March,21,4,12,4
2016-03-16 23:38:53,Jaguar_XJR_4.0_Kompressor_363_PS,privat,Offer,4950,test,limousine,1999,automatik,363,andere,150000,Sep,Gasoline,jaguar,No,2016-03-16 00:00:00,47198,2016-03-22 09:17:39,2016,2016,March,March,6,9,17,3
2016-03-09 12:37:13,Jaguar_XJ6_4.2_+LIEBHABERFAHRZEUG_+_SCHWEIZER_FAHRZEUG+,privat,Offer,9200,control,limousine,1983,automatik,180,andere,125000,May,Gasoline,jaguar,No,2016-03-09 00:00:00,83395,2016-04-05 23:46:46,2016,2016,March,March,27,23,33,7
2016-03-24 08:54:11,Jaguar_S_type__2_7_Diesel,privat,Offer,5399,control,limousine,2005,automatik,211,s_type,150000,Feb,Other,jaguar,No,2016-03-24 00:00:00,97070,2016-04-06 23:45:10,2016,2016,March,March,13,23,11,10
2016-03-22 21:48:33,Jaguar_2.0_diesel_sport_klima_sitzheizung_tausch_moeglich,privat,Offer,3500,control,limousine,2004,manuell,131,x_type,150000,Jan,Diesel,jaguar,Other,2016-03-22 00:00:00,64521,2016-04-06 16:45:20,2016,2016,March,March,15,16,12,11
2016-04-05 08:56:00,Jaguar_S_Type_3.0_V6,privat,Offer,2690,test,limousine,2001,automatik,238,s_type,150000,Jan,Gasoline,jaguar,No,2016-04-05 00:00:00,66115,2016-04-07 12:16:49,2016,2016,April,April,2,12,15,11
2016-03-14 14:37:20,Jaguar_XJ12,privat,Offer,7500,control,limousine,1974,automatik,287,andere,5000,Jul,Gasoline,jaguar,No,2016-03-14 00:00:00,31137,2016-03-16 04:16:55,2016,2016,March,March,2,4,42,5
2016-03-26 12:45:09,Jaguar_X_Type_V6_Sport_Leder_Xenon,privat,Offer,2600,control,limousine,2003,automatik,230,x_type,150000,Mar,Gasoline,jaguar,No,2016-03-26 00:00:00,90482,2016-04-06 00:16:14,2016,2016,March,March,11,0,13,9
2016-04-06 17:06:31,Motor_&_Getriebe___Karosse_gratis_dazu._,privat,Offer,1111,control,limousine,2001,automatik,276,s_type,90000,Sep,Gasoline,jaguar,Other,2016-04-06 00:00:00,53547,2016-04-06 17:25:17,2016,2016,April,April,0,17,15,3
2016-03-07 11:57:09,Jaguar_XJ40,privat,Offer,750,test,limousine,1986,automatik,0,x_type,150000,Jan,Gasoline,jaguar,Yes,2016-03-07 00:00:00,29348,2016-04-07 11:45:32,2016,2016,March,March,31,11,30,11
2016-03-20 20:41:09,Jaguar_S_Type_3.0_V6_Executive,privat,Offer,1500,test,limousine,2000,automatik,238,s_type,150000,Mar,Gasoline,jaguar,Other,2016-03-20 00:00:00,54634,2016-03-20 20:41:09,2016,2016,March,March,0,20,16,9
2016-03-15 19:53:15,Jaguar_X_Type_3.0_V6_231PS_Vollausstattung,privat,Offer,2200,control,limousine,2001,manuell,231,x_type,150000,Jan,Gasoline,jaguar,Other,2016-03-15 00:00:00,48341,2016-04-07 02:15:32,2016,2016,March,March,23,2,15,11
2016-03-17 10:57:09,Jaguar_XJ_X350___XJ6_2.7_Twin_Turbo_Diesel_Executive,privat,Offer,4000,test,limousine,2006,automatik,207,andere,5000,Nov,Diesel,jaguar,Yes,2016-03-17 00:00:00,30519,2016-03-22 17:47:33,2016,2016,March,March,5,17,10,1
2016-03-10 19:53:30,Jaguar_XJ6_3.2,privat,Offer,5500,control,limousine,1994,automatik,199,andere,125000,Feb,Gasoline,jaguar,No,2016-03-10 00:00:00,14059,2016-04-06 03:46:03,2016,2016,March,March,27,3,22,10
2016-03-08 23:37:42,Jaguar_S_Type_3.0_V6,privat,Offer,2000,control,limousine,1999,manuell,238,s_type,150000,Sep,Gasoline,jaguar,Yes,2016-03-08 00:00:00,54293,2016-04-06 23:17:40,2016,2016,March,March,29,23,17,3
2016-03-08 13:38:31,Jaguar_XJ8__209KW,privat,Offer,5900,control,limousine,1998,automatik,284,andere,150000,Aug,Gasoline,jaguar,No,2016-03-08 00:00:00,27367,2016-04-05 16:44:38,2016,2016,March,March,28,16,18,4
2016-03-05 21:38:20,Jaguar_XJ12_6.0,privat,Offer,3100,test,limousine,1993,automatik,311,andere,150000,Oct,Gasoline,jaguar,No,2016-03-05 00:00:00,66679,2016-03-06 03:45:31,2016,2016,March,March,1,3,23,2
2016-03-31 15:53:29,Jaguar_XF_2.7_V6_Diesel_Premium_Luxury,privat,Offer,11990,control,limousine,2008,automatik,207,andere,150000,Aug,Diesel,jaguar,No,2016-03-31 00:00:00,22307,2016-04-06 09:47:01,2016,2016,March,March,6,9,8,4
2016-03-08 18:50:19,Jaguar_MK_II,privat,Offer,9990,test,limousine,1965,manuell,120,andere,150000,Jan,Gasoline,jaguar,No,2016-03-08 00:00:00,87700,2016-04-07 14:32:39,2016,2016,March,March,30,14,51,11
2016-03-11 20:45:42,Oldtimer_Jaguar_XJ_12_Baujahr_1974,privat,Offer,0,control,limousine,1976,manuell,287,x_type,30000,Jul,Gasoline,jaguar,Other,2016-03-11 00:00:00,31180,2016-03-12 11:17:04,2016,2016,March,March,1,11,40,5
2016-03-07 20:48:38,Eleganter_Jaguar_S_Type_Executive_207_PS_Diesel,privat,Offer,10800,test,limousine,2006,automatik,207,s_type,150000,Oct,Diesel,jaguar,No,2016-03-07 00:00:00,69117,2016-04-05 17:25:53,2016,2016,March,March,29,17,10,2
2016-03-23 10:42:09,Jaguar_S_Type_R_V8,privat,Offer,12500,control,limousine,2002,automatik,600,s_type,150000,Nov,Other,jaguar,No,2016-03-23 00:00:00,13595,2016-03-30 18:47:28,2016,2016,March,March,7,18,14,1
2016-03-05 15:45:30,Jaguar_X__Type_sehr_gepflegt_2.1_V6_Schaltgetriebe,privat,Offer,3999,control,limousine,2002,manuell,0,x_type,150000,Nov,Gasoline,jaguar,No,2016-03-05 00:00:00,89275,2016-03-08 00:45:13,2016,2016,March,March,3,0,14,1
2016-03-11 13:55:50,Jaguar_S_Type,privat,Offer,5999,test,limousine,2000,automatik,230,s_type,150000,Nov,Gasoline,jaguar,No,2016-03-11 00:00:00,69207,2016-04-07 11:16:55,2016,2016,March,March,27,11,16,1
2016-03-25 18:47:31,Jaguar_X_Type_2.0_Diesel_Executive,privat,Offer,3900,test,limousine,2004,manuell,131,x_type,150000,Jan,Diesel,jaguar,No,2016-03-25 00:00:00,22119,2016-03-28 18:45:06,2016,2016,March,March,3,18,12,11
2016-03-30 01:57:25,Ein_Traum_in_weis,privat,Offer,3999,test,limousine,2000,automatik,230,s_type,150000,Sep,Gasoline,jaguar,No,2016-03-30 00:00:00,69207,2016-04-04 18:16:06,2016,2016,March,March,5,18,16,3
2016-04-04 17:57:13,Jaguar_X_Type_2.5_V6_4x4_Executive_TÜV,privat,Offer,1590,test,limousine,2002,manuell,196,x_type,150000,Mar,Gasoline,jaguar,No,2016-04-04 00:00:00,63477,2016-04-06 19:48:43,2016,2016,April,April,2,19,14,9
2016-03-28 15:39:08,Jaguar_XJ6_Serie3_Oldtimer_Klassiker_mit_Stil,privat,Offer,4145,control,limousine,1980,automatik,205,andere,150000,Oct,Gasoline,jaguar,No,2016-03-28 00:00:00,22846,2016-03-28 15:39:08,2016,2016,March,March,0,15,36,2
2016-03-15 20:51:21,Motorreparatur_Jaguar_XF,privat,Offer,1,test,limousine,2009,automatik,0,x_type,150000,Sep,Diesel,jaguar,Other,2016-03-15 00:00:00,58099,2016-04-07 03:45:25,2016,2016,March,March,23,3,7,3
2016-04-01 09:57:01,Jaguar_S_Type_2.7_Twin_Turbo_Diesel,privat,Offer,1750,test,limousine,2005,manuell,207,s_type,150000,Feb,Diesel,jaguar,Yes,2016-04-01 00:00:00,21035,2016-04-01 10:43:28,2016,2016,April,April,0,10,11,10
2016-03-22 21:25:27,Jaguar_X_Type_3.0_V6_4x4_Sport,privat,Offer,1200,control,limousine,2002,manuell,230,x_type,150000,Sep,Gasoline,jaguar,No,2016-03-22 00:00:00,61250,2016-04-01 17:15:37,2016,2016,March,March,10,17,14,3
2016-04-02 12:56:54,Jaguar_S_Type_Klasse,privat,Offer,3350,test,limousine,2003,automatik,238,s_type,150000,Jul,Gasoline,jaguar,Other,2016-04-02 00:00:00,10969,2016-04-06 11:15:28,2016,2016,April,April,4,11,13,5
2016-03-27 23:54:49,Jaguar_XJ40,privat,Offer,5200,test,limousine,1991,automatik,0,andere,150000,Oct,Gasoline,jaguar,No,2016-03-27 00:00:00,40474,2016-04-06 09:15:46,2016,2016,March,March,10,9,25,2
2016-04-04 15:46:38,Jaguar_Stype_V8_LPG,privat,Offer,2500,test,limousine,2000,automatik,286,s_type,150000,Aug,Lpg,jaguar,Other,2016-04-04 00:00:00,45665,2016-04-06 17:17:12,2016,2016,April,April,2,17,16,4
2016-03-21 15:51:56,Jaguar_XJ6_2.7_Twin_Turbo_Diesel__Sovereign,privat,Offer,6600,control,limousine,2007,automatik,207,andere,150000,Mar,Diesel,jaguar,Yes,2016-03-21 00:00:00,50996,2016-03-30 02:17:52,2016,2016,March,March,9,2,9,9
2016-03-08 03:59:48,S_Type_in_super_gepflegtem_und_technischen__Zustand,privat,Offer,10000,control,limousine,2006,automatik,298,s_type,90000,Mar,Gasoline,jaguar,No,2016-03-08 00:00:00,77652,2016-03-25 08:47:13,2016,2016,March,March,17,8,10,9
2016-03-29 07:58:49,Jaguar_XJ8,privat,Offer,5900,test,limousine,1998,automatik,284,andere,150000,Aug,Gasoline,jaguar,No,2016-03-29 00:00:00,27367,2016-04-05 16:46:56,2016,2016,March,March,7,16,18,4
2016-03-16 11:37:02,Jaguar_S_Type_R_V8,privat,Offer,12000,test,limousine,2002,automatik,600,s_type,150000,Nov,Gasoline,jaguar,No,2016-03-16 00:00:00,13595,2016-03-22 16:19:52,2016,2016,March,March,6,16,14,1
2016-03-29 20:53:18,JAGUAR_S_TYP_3.0_KLASSE,privat,Offer,3450,test,limousine,2003,automatik,0,s_type,150000,Jul,Gasoline,jaguar,Other,2016-03-29 00:00:00,10969,2016-04-02 09:46:30,2016,2016,March,March,4,9,13,5
2016-03-08 10:53:50,Jaguar_XJ6_3.0_Top_Zustand_!_1_Hand_Prins_LPG,privat,Offer,5999,test,limousine,2003,automatik,238,andere,150000,Nov,Lpg,jaguar,No,2016-03-08 00:00:00,8056,2016-04-07 04:15:24,2016,2016,March,March,30,4,13,1
2016-04-03 15:50:13,Jaguar_S_Type_4_2_V8__300ps_,privat,Offer,4999,test,limousine,2002,automatik,0,s_type,150000,May,Gasoline,jaguar,No,2016-04-03 00:00:00,44328,2016-04-05 15:16:14,2016,2016,April,April,2,15,14,7
2016-04-03 13:48:48,Jaguar_XJ8_Executive_V8_TÜV_SONDERMODELL_Automatik,privat,Offer,5950,control,limousine,2001,automatik,237,andere,150000,May,Gasoline,jaguar,No,2016-04-03 00:00:00,6449,2016-04-05 12:46:21,2016,2016,April,April,2,12,15,7
2016-04-05 11:56:50,Jaguar_Daimler_MK_II_V8,privat,Offer,5900,test,limousine,1966,manuell,0,andere,125000,Mar,Gasoline,jaguar,No,2016-04-05 00:00:00,92253,2016-04-05 12:41:45,2016,2016,April,April,0,12,50,9
2016-03-18 03:02:34,Jaguar_XJ6_4.2_Sovereign,privat,Offer,6250,control,limousine,1982,automatik,205,andere,150000,Mar,Gasoline,jaguar,No,2016-03-18 00:00:00,9126,2016-03-18 05:51:56,2016,2016,March,March,0,5,34,9
2016-04-03 22:50:34,Vekaufe_Jaguar_xj12_+_Ersatzteiltraeger,privat,Offer,4000,control,limousine,1984,automatik,324,andere,125000,Jan,Gasoline,jaguar,Other,2016-04-03 00:00:00,26842,2016-04-06 00:16:04,2016,2016,April,April,3,0,32,11
2016-03-11 19:57:26,Jaguar_XJR,privat,Offer,4000,test,limousine,1998,automatik,363,andere,150000,Oct,Gasoline,jaguar,No,2016-03-11 00:00:00,38268,2016-03-12 10:44:14,2016,2016,March,March,1,10,18,2
2016-04-02 12:49:38,Jaguar_XJ6_3.0__Vollausstattung___sehr_Gepflegt_,privat,Offer,11900,test,limousine,2004,automatik,238,andere,125000,Jan,Gasoline,jaguar,No,2016-04-02 00:00:00,22851,2016-04-06 10:46:57,2016,2016,April,April,4,10,12,11
2016-04-01 18:06:16,"TOP_Jaguar_S_TYPE_3.0_V6__""EXECUTIVE""_Voll._SCHWARZ/SCHWARZ",privat,Offer,4900,control,limousine,2000,automatik,238,s_type,150000,Oct,Gasoline,jaguar,Other,2016-04-01 00:00:00,61169,2016-04-07 14:56:49,2016,2016,April,April,6,14,16,2
2016-03-25 09:37:42,Jaguar_S_Type_R_LPG__Gasanlage_Prins,privat,Offer,7900,test,limousine,2002,automatik,396,s_type,150000,Apr,Lpg,jaguar,No,2016-03-25 00:00:00,61197,2016-03-25 09:37:42,2016,2016,March,March,0,9,14,8
2016-03-09 16:37:43,Jaguar_XJ6_**Rechslenker**,privat,Offer,5800,test,limousine,2003,automatik,231,andere,150000,Nov,Gasoline,jaguar,No,2016-03-09 00:00:00,25704,2016-04-07 03:46:31,2016,2016,March,March,29,3,13,1
2016-03-17 19:55:57,Jaguar_X_Type_2.0d_Sport,privat,Offer,3500,control,limousine,2004,manuell,131,x_type,150000,Jan,Diesel,jaguar,Other,2016-03-17 00:00:00,64521,2016-04-07 08:15:44,2016,2016,March,March,21,8,12,11
2016-03-07 12:37:23,Jaguar_S_Type_3.0_V6_Motorschaden_Tausch_Motorrad_moegli,privat,Offer,1450,test,limousine,2000,automatik,238,s_type,150000,Jun,Gasoline,jaguar,Yes,2016-03-07 00:00:00,45481,2016-03-12 05:45:51,2016,2016,March,March,5,5,16,6
2016-03-16 17:37:17,Jaguar_XJ81_Daimler_Double_Six_12_Zylinder,privat,Offer,0,control,limousine,1993,Unspecified,311,Other,5000,Jan,Other,jaguar,Other,2016-03-16 00:00:00,98597,2016-03-17 15:45:34,2016,2016,March,March,1,15,23,11
2016-04-04 23:49:20,Jaguar_XJ8_4.2,privat,Offer,10990,control,limousine,2004,automatik,298,andere,150000,Jul,Gasoline,jaguar,No,2016-04-04 00:00:00,32108,2016-04-07 06:16:08,2016,2016,April,April,3,6,12,5
2016-03-21 23:57:31,Jaguar_S_Type_2.7_Twin_Turbo,privat,Offer,5900,test,limousine,2004,automatik,207,s_type,150000,Nov,Diesel,jaguar,No,2016-03-21 00:00:00,24534,2016-04-05 15:17:43,2016,2016,March,March,15,15,12,1
2016-04-03 11:48:55,Jaguar_S_Type_3.0_V6_LPG_TÜV_05/2017_Vollausstattung,privat,Offer,2800,control,limousine,2000,automatik,238,s_type,150000,Feb,Lpg,jaguar,No,2016-04-03 00:00:00,12459,2016-04-07 12:46:25,2016,2016,April,April,4,12,16,10
2016-04-06 13:25:33,Jaguar_S_Type_4.0_V8_Sport,privat,Offer,1111,test,limousine,2001,automatik,276,s_type,90000,Sep,Gasoline,jaguar,Yes,2016-04-06 00:00:00,53547,2016-04-06 13:25:33,2016,2016,April,April,0,13,15,3
2016-03-12 08:56:09,Jaguar_XJ6_3.2_vollrestauriert_2/18,privat,Offer,7950,control,limousine,1993,automatik,199,andere,150000,Oct,Gasoline,jaguar,No,2016-03-12 00:00:00,24610,2016-03-20 06:45:04,2016,2016,March,March,8,6,23,2
2016-03-22 10:36:42,Jaguar_S_Type_3.0_V6_Aut.,privat,Offer,6050,control,limousine,2004,automatik,238,s_type,150000,Oct,Gasoline,jaguar,No,2016-03-22 00:00:00,89250,2016-03-23 17:48:02,2016,2016,March,March,1,17,12,2
2016-04-03 19:43:52,Jaguar_XJ40_Restaurationsobjekt_Liebhaberfahrzeug,privat,Offer,1300,test,limousine,1980,automatik,220,andere,150000,Mar,Gasoline,jaguar,Yes,2016-04-03 00:00:00,88263,2016-04-05 20:16:09,2016,2016,April,April,2,20,36,9
2016-03-18 19:37:50,Jaguar_XJ__X300__4_ltr._Autogas_/_LPG,privat,Offer,2800,control,limousine,1996,automatik,241,andere,150000,Feb,Lpg,jaguar,Other,2016-03-18 00:00:00,71546,2016-03-23 18:18:32,2016,2016,March,March,5,18,20,10
2016-03-16 11:53:54,jaguar_s_Typ,privat,Offer,1500,test,limousine,1999,automatik,0,s_type,150000,Nov,Gasoline,jaguar,No,2016-03-16 00:00:00,54634,2016-03-20 09:46:50,2016,2016,March,March,4,9,17,1
2016-03-18 01:36:17,Jaguar_S_Type_2.7_Twin_Turbo_Diesel_Aut._Executive,privat,Offer,9400,control,limousine,2006,automatik,207,s_type,150000,Oct,Diesel,jaguar,No,2016-03-18 00:00:00,69117,2016-04-05 21:46:22,2016,2016,March,March,18,21,10,2
2016-03-26 13:53:46,Jaguar_X_Type_2.0_Diesel_Executive,privat,Offer,2800,control,limousine,2003,manuell,131,x_type,150000,Oct,Diesel,jaguar,No,2016-03-26 00:00:00,42389,2016-03-26 13:53:46,2016,2016,March,March,0,13,13,2
2016-03-23 16:45:49,Jaguar_S_Type_4.0_V8_mit_Getriebeproblem!!!,privat,Offer,1490,test,limousine,2000,automatik,276,s_type,150000,Feb,Gasoline,jaguar,Yes,2016-03-23 00:00:00,59505,2016-04-05 20:16:26,2016,2016,March,March,13,20,16,10
2016-03-31 09:52:14,Jaguar_XJ8,privat,Offer,8500,control,limousine,2000,automatik,237,andere,150000,Jan,Gasoline,jaguar,No,2016-03-31 00:00:00,22952,2016-04-06 02:45:08,2016,2016,March,March,6,2,16,11
2016-03-26 11:51:08,Jaguar_XJ6_3.2_Sport_RH,privat,Offer,2750,control,limousine,1997,automatik,211,andere,150000,Mar,Gasoline,jaguar,No,2016-03-26 00:00:00,68782,2016-04-05 23:47:15,2016,2016,March,March,10,23,19,9
2016-03-27 23:51:04,Jaguar_X_Type_zum_tausch,privat,Offer,3500,test,limousine,2002,manuell,156,x_type,150000,May,Other,jaguar,No,2016-03-27 00:00:00,51465,2016-04-06 06:17:07,2016,2016,March,March,10,6,14,7
2016-03-24 20:35:52,Jaguar_XJ_40_3.5_Liter,privat,Offer,980,control,limousine,1993,automatik,0,andere,150000,Feb,Gasoline,jaguar,Other,2016-03-23 00:00:00,65428,2016-04-06 18:18:50,2016,2016,March,March,14,18,23,10
2016-03-26 15:46:05,Jaguar__S_Typ_3.0_Schiebedach__Automatik__Tuev_9/17,privat,Offer,2750,test,limousine,2000,automatik,280,s_type,150000,May,Gasoline,jaguar,No,2016-03-26 00:00:00,14089,2016-03-28 04:17:01,2016,2016,March,March,2,4,16,7
2016-03-20 04:36:25,Jaguar_X_Type___suche_Fenstergummis_!_Bitte_Bild_anschauen_!!!,privat,Offer,1,control,limousine,2002,automatik,196,x_type,150000,Apr,Gasoline,jaguar,No,2016-03-20 00:00:00,54290,2016-03-22 15:17:42,2016,2016,March,March,2,15,14,8
2016-03-31 07:50:38,Jaguar_S_Type_Bj99_3.0_V6,privat,Offer,1200,test,limousine,1999,automatik,238,s_type,150000,Jul,Gasoline,jaguar,Yes,2016-03-18 00:00:00,55629,2016-04-05 18:36:38,2016,2016,March,March,18,18,17,5
2016-03-31 12:42:15,Jaguar_S_Type_2.7_Twin_Turbo_Diesel_Aut._Executive,privat,Offer,7600,test,limousine,2006,automatik,207,s_type,150000,May,Diesel,jaguar,No,2016-03-31 00:00:00,13156,2016-04-06 04:46:46,2016,2016,March,March,6,4,10,7
2016-03-09 22:37:14,Jaguar_S_Type_2.5_V6,privat,Offer,3900,test,limousine,2002,automatik,200,s_type,150000,Nov,Gasoline,jaguar,No,2016-03-09 00:00:00,40724,2016-04-05 15:47:40,2016,2016,March,March,27,15,14,1
2016-03-24 20:51:03,Jaguar_xj8_luftfahrwerk_v8_vollausstattung_/tausch,privat,Offer,7999,test,limousine,2004,automatik,298,x_type,125000,Jun,Gasoline,jaguar,Other,2016-03-24 00:00:00,23554,2016-04-05 13:47:03,2016,2016,March,March,12,13,12,6
2016-03-16 13:06:17,Jaguar_XJ_8_Voll_Ausstattung_leder_beige,privat,Offer,1500,test,limousine,1999,automatik,0,Other,125000,Mar,Gasoline,jaguar,Yes,2016-03-16 00:00:00,65189,2016-04-05 21:18:42,2016,2016,March,March,20,21,17,9
2016-03-16 11:37:36,Jaguar___S_Type_3.0_V6_Euro_3_Gruene_Plakette,privat,Offer,2900,test,limousine,2000,automatik,238,Other,150000,Nov,Gasoline,jaguar,Other,2016-03-16 00:00:00,66849,2016-03-28 04:44:21,2016,2016,March,March,12,4,16,1
2016-03-25 16:48:50,Jaguar_S_Type_3.0_V6_Sondermodell_Sportedition_Voll,privat,Offer,4750,control,limousine,2000,automatik,238,s_type,150000,Nov,Gasoline,jaguar,No,2016-03-25 00:00:00,44532,2016-03-25 16:48:50,2016,2016,March,March,0,16,16,1
2016-03-08 16:49:16,Jaguar_X_Type_2.2_Diesel_Executive,privat,Offer,8900,test,limousine,2007,manuell,145,x_type,150000,Mar,Diesel,jaguar,No,2016-03-08 00:00:00,68542,2016-04-07 02:44:21,2016,2016,March,March,30,2,9,9
2016-03-12 02:58:12,Jaguar_S_Type_3.0_V6_Sport,privat,Offer,2200,control,limousine,2000,automatik,238,s_type,125000,Sep,Gasoline,jaguar,No,2016-03-12 00:00:00,10557,2016-04-01 22:46:57,2016,2016,March,March,20,22,16,3
2016-03-31 21:55:08,Verkaufe_meinen_Jaguar__Daimler_six_300,privat,Offer,5500,test,limousine,1995,automatik,0,Other,150000,Oct,Gasoline,jaguar,Other,2016-03-31 00:00:00,45896,2016-04-06 17:45:18,2016,2016,March,March,6,17,21,2
2016-03-27 17:48:39,Jaguar_X_Type_2.0_V6_mit_Autogas__LPG_,privat,Offer,3800,test,limousine,2003,manuell,156,x_type,150000,Apr,Lpg,jaguar,No,2016-03-27 00:00:00,45881,2016-04-03 15:15:28,2016,2016,March,March,7,15,13,8
2016-04-06 06:36:37,Jaguar_s_type_3.0_v6__238ps_felgen_17zoll,privat,Offer,2000,control,limousine,1999,manuell,238,Other,150000,Sep,Gasoline,jaguar,No,2016-04-06 00:00:00,12103,2016-04-06 06:36:37,2016,2016,April,April,0,6,17,3
2016-03-14 12:48:19,Jaguar_X__Type_V6_4X4_Automatic,privat,Offer,8600,test,limousine,2001,automatik,190,x_type,50000,Nov,Gasoline,jaguar,No,2016-03-14 00:00:00,48151,2016-04-05 12:47:40,2016,2016,March,March,22,12,15,1
2016-03-23 14:25:33,Jaguar_XJ12,privat,Offer,9900,control,limousine,1988,automatik,386,andere,125000,Mar,Gasoline,jaguar,No,2016-03-23 00:00:00,56281,2016-04-06 13:44:59,2016,2016,March,March,14,13,28,9
2016-03-19 15:58:09,Jaguar_xtype_tuev,privat,Offer,1000,control,limousine,2003,automatik,115,x_type,150000,Jun,Gasoline,jaguar,Yes,2016-03-19 00:00:00,85057,2016-03-19 15:58:09,2016,2016,March,March,0,15,13,6
2016-03-05 15:57:04,Jaguar_X_Type_2.0_V6_LEDER_SHZG_PDC_2.HAND,privat,Offer,2400,control,limousine,2003,manuell,156,x_type,150000,Mar,Gasoline,jaguar,No,2016-03-05 00:00:00,32699,2016-03-06 04:46:39,2016,2016,March,March,1,4,13,9
2016-04-03 20:44:21,Jaguar_S_Type_2.7_Twin_Turbo_Diesel_Aut.,privat,Offer,6500,test,limousine,2006,automatik,207,s_type,150000,May,Diesel,jaguar,No,2016-04-03 00:00:00,72072,2016-04-05 21:17:17,2016,2016,April,April,2,21,10,7
2016-03-29 20:51:26,Jaguar_sType_Tuev_neu_Inspektion_neu_Vollausstattung_2_Hand,privat,Offer,3333,test,limousine,2002,automatik,238,s_type,150000,Oct,Gasoline,jaguar,No,2016-03-29 00:00:00,24534,2016-04-06 07:17:14,2016,2016,March,March,8,7,14,2
2016-03-16 12:43:41,Jaguar_XJ_4.0_Executive,privat,Offer,7400,test,limousine,1999,automatik,284,andere,150000,Nov,Gasoline,jaguar,No,2016-03-16 00:00:00,79780,2016-04-06 06:16:53,2016,2016,March,March,21,6,17,1
2016-03-10 17:47:05,Jaguar_S_Type_V6_3.0_Executive,privat,Offer,2500,control,limousine,2000,automatik,238,s_type,150000,Apr,Gasoline,jaguar,No,2016-03-10 00:00:00,46117,2016-04-05 19:18:40,2016,2016,March,March,26,19,16,8
2016-03-27 16:42:12,Jaguar_XF_2.7_V6_Diesel_Premium_Luxury,privat,Offer,11999,test,limousine,2008,automatik,207,andere,150000,Oct,Diesel,jaguar,No,2016-03-27 00:00:00,52428,2016-04-05 11:47:51,2016,2016,March,March,9,11,8,2
2016-03-30 19:57:19,Jaguar_S_Type_3.0_V6,privat,Offer,1500,test,limousine,2001,automatik,238,s_type,125000,Mar,Gasoline,jaguar,Yes,2016-03-30 00:00:00,86368,2016-04-07 11:45:56,2016,2016,March,March,8,11,15,9
2016-03-05 20:25:18,Jaguar_S_Type_3.0_V6_Executive_voll,privat,Offer,3200,test,limousine,2000,automatik,238,s_type,150000,Jun,Gasoline,jaguar,No,2016-03-05 00:00:00,65779,2016-03-08 18:19:05,2016,2016,March,March,3,18,16,6
2016-03-26 17:58:51,Jaguar_S_Type_Final_Edition_Volleder_Ex.,privat,Offer,9980,control,limousine,2007,automatik,207,s_type,150000,Aug,Diesel,jaguar,No,2016-03-26 00:00:00,47574,2016-04-06 07:44:57,2016,2016,March,March,11,7,9,4
2016-04-01 11:37:38,Jaguar_XJ8_4.0_TOP_Zustand_Luxus_pur,privat,Offer,6300,test,limousine,1998,automatik,284,andere,150000,May,Gasoline,jaguar,No,2016-04-01 00:00:00,49179,2016-04-07 07:45:55,2016,2016,April,April,6,7,18,7
2016-03-11 18:44:28,Jaguar_S_Type,privat,Offer,2700,test,limousine,2000,automatik,276,s_type,150000,Mar,Gasoline,jaguar,No,2016-03-11 00:00:00,64521,2016-03-22 09:44:18,2016,2016,March,March,11,9,16,9
2016-03-08 00:48:48,Jaguar_X_Type,privat,Offer,5350,control,limousine,2003,manuell,156,x_type,100000,Feb,Gasoline,jaguar,No,2016-03-07 00:00:00,67246,2016-04-05 19:16:48,2016,2016,March,March,29,19,13,10
2016-03-28 16:38:03,Jaguar_s_type_kia_opirus_lpg_Renault_twingo,privat,Offer,0,test,limousine,2006,automatik,207,s_type,150000,Jan,Diesel,jaguar,No,2016-03-28 00:00:00,40599,2016-03-28 16:38:03,2016,2016,March,March,0,16,10,11
2016-03-28 13:46:30,Jaguar_XJ_6_4_2_Serie_III,privat,Offer,1500,test,limousine,1981,automatik,205,x_type,70000,Oct,Gasoline,jaguar,No,2016-03-28 00:00:00,92421,2016-03-31 21:47:13,2016,2016,March,March,3,21,35,2
2016-03-29 20:52:36,Jaguar_X_Type_3.0_V6_4x4_Sport,privat,Offer,3500,test,limousine,2002,automatik,230,x_type,150000,Jun,Gasoline,jaguar,No,2016-03-29 00:00:00,97288,2016-04-06 07:17:16,2016,2016,March,March,8,7,14,6
2016-03-10 11:40:58,Jaguar_XJ6_3.2_Executive,privat,Offer,7500,test,limousine,1996,automatik,211,andere,150000,Jul,Gasoline,jaguar,No,2016-03-10 00:00:00,32457,2016-04-07 00:16:24,2016,2016,March,March,28,0,20,5
2016-03-08 22:45:26,Jaguar_S_Type_2.7_Twin_Turbo_Diesel_Executive,privat,Offer,4000,test,limousine,2004,automatik,207,s_type,150000,Nov,Diesel,jaguar,No,2016-03-08 00:00:00,93055,2016-03-10 10:17:52,2016,2016,March,March,2,10,12,1
2016-03-27 13:54:41,Jaguar_x_Type_2.5_V6__nur_139500_km_navi__Klima_Leder_usw...,privat,Offer,2500,test,limousine,2002,automatik,196,x_type,150000,Feb,Other,jaguar,Yes,2016-03-27 00:00:00,26842,2016-04-06 09:16:54,2016,2016,March,March,10,9,14,10
2016-03-20 20:55:31,Jaguar_XJ8_4.0_Sovereign_schwarz,privat,Offer,1250,test,limousine,1998,automatik,284,Other,150000,Jul,Gasoline,jaguar,Yes,2016-03-20 00:00:00,49688,2016-03-22 00:45:17,2016,2016,March,March,2,0,18,5
2016-03-23 17:50:14,Jaguar_XJ_40,privat,Offer,980,test,limousine,1993,automatik,0,andere,150000,Feb,Gasoline,jaguar,Other,2016-03-23 00:00:00,65428,2016-04-05 12:45:10,2016,2016,March,March,13,12,23,10
2016-03-19 12:25:18,JAGUAR_S_TYPE_3.0_V6_TÜV_BIS_03/2017,privat,Offer,1600,control,limousine,2000,manuell,238,s_type,150000,Mar,Gasoline,jaguar,Yes,2016-03-19 00:00:00,65929,2016-03-22 18:06:59,2016,2016,March,March,3,18,16,9
2016-03-09 18:46:00,Jaguar_X_Type_Sport_3.0_V6_4x4,privat,Offer,6500,test,limousine,2002,manuell,230,x_type,90000,Jan,Gasoline,jaguar,Other,2016-03-09 00:00:00,77654,2016-03-17 22:44:22,2016,2016,March,March,8,22,14,11
2016-03-25 15:25:18,Jaguar_XJ6_4_0,privat,Offer,2750,control,limousine,1994,automatik,240,x_type,150000,Sep,Gasoline,jaguar,No,2016-03-25 00:00:00,60486,2016-04-01 12:16:07,2016,2016,March,March,7,12,22,3
2016-03-07 22:48:37,1_Hand_Rentner_Fahrzeug,privat,Offer,5500,test,limousine,2000,automatik,230,s_type,150000,Nov,Gasoline,jaguar,No,2016-03-07 00:00:00,69207,2016-03-17 17:17:19,2016,2016,March,March,10,17,16,1
2016-04-05 07:53:28,Leasinguebernahme_Jaguar_XF_3.0_V6_34.000_Restkilometer,privat,Offer,1,test,limousine,2013,automatik,241,x_type,30000,Sep,Diesel,jaguar,No,2016-04-05 00:00:00,92660,2016-04-07 11:17:39,2016,2016,April,April,2,11,3,3
2016-03-08 13:51:11,Jaguar__XJ_3.2_Model_X300_mit_Tuev__3/2018,privat,Offer,3900,control,limousine,1995,automatik,211,x_type,150000,Jul,Gasoline,jaguar,No,2016-03-08 00:00:00,12279,2016-04-05 19:18:39,2016,2016,March,March,28,19,21,5
2016-03-26 17:55:24,Jaguar_S_Type_2.7_Twin_Turbo_Diesel_Aut._Executive,privat,Offer,9980,control,limousine,2007,automatik,207,s_type,150000,Aug,Diesel,jaguar,No,2016-03-26 00:00:00,47574,2016-04-06 06:46:15,2016,2016,March,March,11,6,9,4
2016-03-29 20:56:39,Jaguar__S_Type,privat,Offer,3550,test,limousine,2001,automatik,0,s_type,125000,Oct,Gasoline,jaguar,No,2016-03-29 00:00:00,66482,2016-04-06 07:17:26,2016,2016,March,March,8,7,15,2
2016-04-01 21:06:24,Jaguar_s_type,privat,Offer,2200,control,limousine,2000,automatik,236,s_type,150000,Apr,Gasoline,jaguar,Yes,2016-04-01 00:00:00,35625,2016-04-05 13:17:58,2016,2016,April,April,4,13,16,8
2016-03-19 13:25:22,Jaguar_X_Type_2.5_V6_4x4,privat,Offer,2200,test,limousine,2002,manuell,196,x_type,150000,Jun,Gasoline,jaguar,No,2016-03-19 00:00:00,61440,2016-03-23 05:47:31,2016,2016,March,March,4,5,14,6
2016-03-07 11:50:04,Jaguar_S_Type_3.0_V6_Executive,privat,Offer,1800,test,limousine,2000,automatik,238,s_type,150000,Apr,Gasoline,jaguar,No,2016-03-07 00:00:00,46047,2016-04-03 10:45:47,2016,2016,March,March,27,10,16,8
2016-03-20 19:41:14,XJ_6__Serie_ll__4_2_Liter__LWB,privat,Offer,12000,test,limousine,1979,automatik,168,andere,150000,Mar,Gasoline,jaguar,Other,2016-03-20 00:00:00,58708,2016-04-07 03:44:26,2016,2016,March,March,18,3,37,9
2016-03-12 21:43:27,Jaguar_S_Type_2.7_Twin_Turbo_Diesel_Aut._Executive_DPF,privat,Offer,12300,test,limousine,2007,automatik,207,s_type,80000,Oct,Diesel,jaguar,No,2016-03-12 00:00:00,84453,2016-04-05 15:47:23,2016,2016,March,March,24,15,9,2
2016-03-20 22:25:36,Jaguar_X_Type_2.2_Diesel,privat,Offer,5900,control,limousine,2005,manuell,0,x_type,150000,Nov,Diesel,jaguar,No,2016-03-20 00:00:00,65936,2016-04-06 06:17:54,2016,2016,March,March,17,6,11,1
2016-03-28 18:49:20,Jaguar_X_Type_3.0_V6_4x4_Aut._Executive_Facelift,privat,Offer,5500,control,limousine,2004,automatik,230,x_type,150000,Jun,Gasoline,jaguar,No,2016-03-28 00:00:00,41849,2016-04-07 01:15:54,2016,2016,March,March,10,1,12,6
2016-03-17 09:36:43,Jaguar_S_Type_2.7_Twin_Turbo_Diesel_Aut._Executive,privat,Offer,2499,test,limousine,2005,automatik,207,s_type,150000,Oct,Diesel,jaguar,Yes,2016-03-17 00:00:00,44369,2016-04-06 07:17:34,2016,2016,March,March,20,7,11,2
2016-03-16 15:47:38,Jaguar_XJ8,privat,Offer,7900,test,limousine,1998,automatik,237,andere,100000,Mar,Gasoline,jaguar,No,2016-03-16 00:00:00,15741,2016-04-06 17:46:23,2016,2016,March,March,21,17,18,9
2016-04-03 18:25:25,Jaguar_X_Type_2.0_V6,privat,Offer,4200,test,limousine,2002,automatik,156,x_type,125000,Nov,Gasoline,jaguar,No,2016-04-03 00:00:00,61184,2016-04-07 02:46:23,2016,2016,April,April,4,2,14,1
2016-03-25 16:06:24,Jaguar_XJ6_4.0_Sovereign,privat,Offer,2750,test,limousine,1994,automatik,241,andere,150000,Sep,Gasoline,jaguar,No,2016-03-25 00:00:00,60486,2016-04-01 14:46:01,2016,2016,March,March,7,14,22,3
2016-03-17 13:56:01,Jaguar_X_Type_2.2_Diesel_Executive,privat,Offer,9950,control,limousine,2006,manuell,155,x_type,70000,Nov,Diesel,jaguar,No,2016-03-17 00:00:00,48599,2016-03-19 13:49:37,2016,2016,March,March,2,13,10,1
2016-03-16 21:37:36,Jaguar_XJ8,privat,Offer,4800,control,limousine,1997,automatik,237,andere,150000,Sep,Gasoline,jaguar,No,2016-03-16 00:00:00,47198,2016-03-22 05:15:55,2016,2016,March,March,6,5,19,3
2016-03-17 14:50:49,Jaguar_XF_2.7_V6_Diesel,privat,Offer,12800,control,limousine,2009,automatik,207,andere,150000,Jan,Diesel,jaguar,No,2016-03-17 00:00:00,90443,2016-03-23 00:17:00,2016,2016,March,March,6,0,7,11
2016-04-01 11:52:18,JAGUAR_S_TYPE_VOLLAUSSTATTUNG!!!,privat,Offer,2499,test,limousine,2001,automatik,238,s_type,150000,Mar,Other,jaguar,No,2016-04-01 00:00:00,91056,2016-04-07 08:46:08,2016,2016,April,April,6,8,15,9
2016-03-27 12:46:50,Jaguar_S_Type_2_7_V6_Executive_Twin_Turbo_Diesel_Automatik/_Sport,privat,Offer,9500,test,limousine,2007,automatik,207,s_type,150000,May,Diesel,jaguar,No,2016-03-13 00:00:00,76530,2016-04-07 12:16:59,2016,2016,March,March,25,12,9,7
2016-03-23 20:55:23,Jaguar_XJ12_5_3_V_12_Serie_2_Vinyldach_Oldtimer,privat,Offer,2750,test,limousine,1976,automatik,287,andere,60000,Mar,Gasoline,jaguar,No,2016-03-23 00:00:00,83209,2016-03-23 21:39:57,2016,2016,March,March,0,21,40,9
2016-03-24 16:38:35,Jaguar_S_Type_3.0_V6_Executive_2.Hand_Scheckheft_TOP,privat,Offer,6200,control,limousine,2002,automatik,238,s_type,125000,May,Gasoline,jaguar,No,2016-03-24 00:00:00,85119,2016-04-07 08:45:01,2016,2016,March,March,14,8,14,7
2016-03-17 17:58:55,Jaguar_S_Type_3.0_V6,privat,Offer,1899,control,limousine,1999,automatik,238,s_type,150000,Jul,Gasoline,jaguar,No,2016-03-17 00:00:00,97753,2016-03-19 17:47:17,2016,2016,March,March,2,17,17,5
2016-03-26 11:57:07,Jaguar_S_Type_R_LPG__Gasanlage,privat,Offer,6500,control,limousine,2002,automatik,396,s_type,150000,Apr,Lpg,jaguar,No,2016-03-26 00:00:00,61197,2016-03-29 13:47:48,2016,2016,March,March,3,13,14,8
2016-03-29 10:50:29,Jaguar_X_Type_2.5_V6_4x4_Executive,privat,Offer,2999,control,limousine,2001,manuell,196,x_type,150000,Sep,Gasoline,jaguar,No,2016-03-29 00:00:00,34121,2016-04-03 19:17:24,2016,2016,March,March,5,19,15,3
2016-03-07 19:39:16,Jaguar_S_Type_2_5_Executive,privat,Offer,9950,control,limousine,2004,automatik,200,s_type,80000,Feb,Gasoline,jaguar,Yes,2016-03-07 00:00:00,22547,2016-04-07 09:17:16,2016,2016,March,March,31,9,12,10
2016-03-23 16:58:50,Schoener_Jaguar_mit_Getriebe_Problem!!!,privat,Offer,1990,test,limousine,2000,automatik,270,x_type,150000,Feb,Other,jaguar,Yes,2016-03-23 00:00:00,59505,2016-04-05 21:46:13,2016,2016,March,March,13,21,16,10
2016-04-05 23:06:34,Jaguar_X_Type_2.2_Diesel___SCHECKHEFT___SEHR_SAUBER,privat,Offer,9900,control,limousine,2008,manuell,145,x_type,150000,Nov,Diesel,jaguar,No,2016-04-05 00:00:00,55130,2016-04-05 23:25:20,2016,2016,April,April,0,23,8,1
2016-03-14 02:54:28,Jaguar_jaguar_xj8___Verkauf/_Tausch_!!,privat,Offer,5500,test,limousine,2000,automatik,237,andere,150000,Jan,Gasoline,jaguar,No,2016-03-14 00:00:00,42553,2016-04-07 03:16:26,2016,2016,March,March,24,3,16,11
2016-03-17 19:49:25,Jaguar_S_Type_2.7_Twin_Turbo_Diesel_Executive,privat,Offer,4200,control,limousine,2005,manuell,207,s_type,150000,Nov,Diesel,jaguar,No,2016-03-17 00:00:00,72770,2016-04-07 07:46:15,2016,2016,March,March,21,7,11,1
2016-03-17 21:54:30,Tausche_gegen_Audi_A6_ab_Bj_2005,privat,Offer,0,test,limousine,2000,Unspecified,0,s_type,150000,Nov,Gasoline,jaguar,Other,2016-03-17 00:00:00,69207,2016-03-26 04:17:38,2016,2016,March,March,9,4,16,1
2016-03-21 20:39:36,Jaguar_Stype_V8_LPG,privat,Offer,3200,control,limousine,2000,automatik,272,s_type,150000,Aug,Lpg,jaguar,No,2016-03-21 00:00:00,45665,2016-04-02 22:47:13,2016,2016,March,March,12,22,16,4
2016-03-23 21:50:41,Jaguar_S_Type_2.7_Twin_Turbo_Diesel_Aut._Executive,privat,Offer,7200,test,limousine,2008,automatik,207,s_type,150000,Jan,Diesel,jaguar,No,2016-03-23 00:00:00,48429,2016-03-26 15:18:25,2016,2016,March,March,3,15,8,11
2016-03-12 15:36:46,Jaguar_XJ_3.2_Executive,privat,Offer,12500,control,limousine,2000,automatik,237,andere,125000,Mar,Gasoline,jaguar,No,2016-03-12 00:00:00,64625,2016-04-07 02:45:46,2016,2016,March,March,26,2,16,9
2016-03-11 14:50:36,Jaguar_S_type_3_0.__V_6,privat,Offer,1800,control,limousine,2001,manuell,238,s_type,150000,May,Gasoline,jaguar,Other,2016-03-11 00:00:00,45659,2016-03-24 18:48:04,2016,2016,March,March,13,18,15,7
2016-03-25 19:37:45,Jaguar_S_Typ_2.7_Twin_Turbo_Diesel_Excutive_Rostfrei_Vollaustattu,privat,Offer,3999,test,limousine,2005,automatik,207,s_type,150000,Nov,Diesel,jaguar,Other,2016-03-25 00:00:00,42781,2016-03-25 20:42:53,2016,2016,March,March,0,20,11,1
2016-04-04 17:54:01,Bestens_gepflegter_Jaguar_XJ8_4.0_Liter_Sovereign,privat,Offer,9950,test,limousine,2000,automatik,284,andere,90000,Nov,Gasoline,jaguar,No,2016-04-04 00:00:00,89173,2016-04-06 19:48:26,2016,2016,April,April,2,19,16,1
2016-04-01 15:49:46,Jaguar_XJ6_3.2,privat,Offer,4000,test,limousine,1995,automatik,211,andere,150000,Jun,Gasoline,jaguar,No,2016-04-01 00:00:00,63454,2016-04-07 13:50:11,2016,2016,April,April,6,13,21,6
2016-03-08 14:38:23,Jaguar_X_Type_4x4_Automatic,privat,Offer,9000,test,limousine,2001,automatik,144,x_type,50000,Nov,Gasoline,jaguar,No,2016-03-08 00:00:00,48151,2016-04-05 23:46:30,2016,2016,March,March,28,23,15,1
2016-03-26 22:50:21,Jaguar_Daimler_Double_Six_V12_Xj_12_Serie_2_Oldtimer,privat,Offer,5450,test,limousine,1975,automatik,287,andere,70000,Nov,Gasoline,jaguar,No,2016-03-26 00:00:00,83209,2016-03-31 21:47:32,2016,2016,March,March,5,21,41,1
2016-03-14 18:38:22,Jaguar_XJR_V8_Supercharge_US_Long_Version,privat,Offer,11990,test,limousine,2005,automatik,399,andere,125000,Jan,Gasoline,jaguar,No,2016-03-14 00:00:00,95028,2016-04-06 02:16:59,2016,2016,March,March,23,2,11,11
2016-03-09 18:43:44,Jaguar_Stype_4_0_LPG,privat,Offer,0,test,limousine,2000,automatik,289,s_type,150000,Oct,Diesel,jaguar,Other,2016-03-09 00:00:00,45665,2016-03-22 04:44:39,2016,2016,March,March,13,4,16,2
2016-03-28 16:38:41,Jaguar_X_Type_2.5_V6_4x4_Automatik___Garantie,privat,Offer,9499,test,limousine,2007,automatik,196,x_type,90000,Sep,Gasoline,jaguar,No,2016-03-28 00:00:00,82223,2016-04-06 21:44:55,2016,2016,March,March,9,21,9,3
2016-04-05 08:36:21,JAGUAR_DAIMLER__XJ_8_Top_Ausst._ATM_2.Hand_GEPFLEGT_anthrazit,privat,Offer,12500,test,limousine,2000,automatik,286,andere,150000,Oct,Gasoline,jaguar,No,2016-04-05 00:00:00,39291,2016-04-07 12:44:29,2016,2016,April,April,2,12,16,2
2016-03-28 10:52:21,Jaguar_X_Type_2.2_Diesel_Aut._Executive,privat,Offer,11400,control,limousine,2008,automatik,145,x_type,150000,Apr,Diesel,jaguar,No,2016-03-28 00:00:00,88279,2016-04-06 12:45:22,2016,2016,March,March,9,12,8,8
2016-03-21 15:56:55,Jaguar_X_Type_2.2_Diesel,privat,Offer,3500,control,limousine,2006,manuell,155,x_type,150000,Jun,Diesel,jaguar,No,2016-03-21 00:00:00,66333,2016-03-25 13:15:30,2016,2016,March,March,4,13,10,6
2016-03-13 20:38:59,Jaguar_S_Type_4.0_V8_Sport,privat,Offer,4200,control,limousine,2001,automatik,276,s_type,90000,Mar,Lpg,jaguar,No,2016-03-13 00:00:00,49661,2016-04-06 18:47:15,2016,2016,March,March,24,18,15,9
2016-04-01 17:52:56,Jaguar__S_Typ__3.0_Automatik___Tuev_9/2017___Volleder___PDC,privat,Offer,2300,test,limousine,2000,automatik,280,s_type,150000,May,Gasoline,jaguar,No,2016-04-01 00:00:00,12279,2016-04-05 13:17:51,2016,2016,April,April,4,13,16,7
2016-04-01 16:40:11,Jaguar__xtyp_2.0__v6__benziner,privat,Offer,2400,control,limousine,2002,manuell,170,x_type,150000,Nov,Gasoline,jaguar,Other,2016-04-01 00:00:00,10969,2016-04-05 11:44:45,2016,2016,April,April,4,11,14,1
2016-03-14 18:25:21,Jaguar_XJ6,privat,Offer,3000,control,limousine,1980,automatik,169,andere,70000,Feb,Gasoline,jaguar,Yes,2016-03-14 00:00:00,60311,2016-04-06 09:17:56,2016,2016,March,March,23,9,36,10
2016-03-16 17:45:05,Jaguar_S_Type_3_0_V6___wenig_gelaufen!!!,privat,Offer,10500,control,limousine,2006,automatik,238,s_type,70000,Nov,Gasoline,jaguar,No,2016-03-16 00:00:00,51674,2016-04-01 02:44:45,2016,2016,March,March,16,2,10,1
2016-03-17 12:47:19,Jaguar_X_Type_2.5_V6_4x4_Aut._Executive,privat,Offer,3600,test,limousine,2005,automatik,196,x_type,150000,Feb,Gasoline,jaguar,No,2016-03-17 00:00:00,20539,2016-03-21 16:19:17,2016,2016,March,March,4,16,11,10
2016-03-18 10:46:30,Jaguar_S_Type_2_7_V6_Executive_Twin_Turbo_Diesel_Automatik.,privat,Offer,9500,control,limousine,2007,automatik,207,s_type,150000,May,Diesel,jaguar,No,2016-03-13 00:00:00,76530,2016-04-07 03:45:19,2016,2016,March,March,25,3,9,7
2016-03-24 17:50:57,Jaguar_X_Type_2_0l__V6_Mod._2003,privat,Offer,2450,control,limousine,2002,manuell,0,x_type,150000,Nov,Gasoline,jaguar,No,2016-03-24 00:00:00,26160,2016-04-05 08:46:06,2016,2016,March,March,12,8,14,1
2016-03-26 14:38:22,Jaguar_X_Type_2.2_Diesel_Aut._Classic,privat,Offer,8800,control,limousine,2009,automatik,145,x_type,150000,Feb,Diesel,jaguar,No,2016-03-26 00:00:00,66640,2016-04-06 02:17:03,2016,2016,March,March,11,2,7,10
2016-03-10 03:36:22,Jaguar_XJR,privat,Offer,9990,control,limousine,2005,automatik,396,andere,150000,May,Gasoline,jaguar,No,2016-03-10 00:00:00,48165,2016-04-06 04:44:59,2016,2016,March,March,27,4,11,7
2016-03-21 16:39:33,Jaguar_X_Type_2.0_V6_scheckheftgepflegt__8_fach_bereift,privat,Offer,2850,control,limousine,2002,manuell,156,x_type,150000,Sep,Gasoline,jaguar,No,2016-03-21 00:00:00,85551,2016-03-31 20:46:18,2016,2016,March,March,10,20,14,3
2016-03-26 21:36:43,Jaguar_X_Type_3.0_V6_4x4_Executive/_Gas_Anlage,privat,Offer,5900,control,limousine,2001,manuell,230,x_type,125000,Jul,Gasoline,jaguar,No,2016-03-26 00:00:00,41469,2016-04-06 15:45:22,2016,2016,March,March,11,15,15,5
2016-03-20 09:53:31,Jaguar_S_Type_3.0_Executive___Vollausstattung_mit_Navi_Tuev_9/2016,privat,Offer,2490,control,limousine,1999,automatik,238,s_type,150000,Nov,Gasoline,jaguar,No,2016-03-20 00:00:00,21335,2016-03-25 08:15:31,2016,2016,March,March,5,8,17,1
2016-03-17 20:55:46,Januar_X_Type_2.5l_Allrad___Verkauf/Tausch,privat,Offer,3250,control,limousine,2001,automatik,198,x_type,150000,Jan,Gasoline,jaguar,Other,2016-03-17 00:00:00,36396,2016-03-24 17:17:43,2016,2016,March,March,7,17,15,11
2016-03-12 23:48:03,Jaguar_XJ_4.2_Sovereign,privat,Offer,6500,control,limousine,1984,automatik,205,andere,150000,Aug,Gasoline,jaguar,No,2016-03-12 00:00:00,51061,2016-04-05 23:46:26,2016,2016,March,March,24,23,32,4
2016-03-16 12:36:17,Jaguar_X_Type_2.0_V6,privat,Offer,2750,test,limousine,2002,manuell,156,x_type,150000,Jun,Gasoline,jaguar,No,2016-03-16 00:00:00,40489,2016-03-21 13:47:05,2016,2016,March,March,5,13,14,6
2016-03-28 16:50:04,Jaguar_S_Type_3.0_V6_Executive,privat,Offer,4500,test,limousine,2003,automatik,238,s_type,125000,Apr,Gasoline,jaguar,Yes,2016-03-28 00:00:00,80935,2016-04-06 22:17:41,2016,2016,March,March,9,22,13,8
2016-03-28 17:06:37,Jaguar_XJ12_6.0,privat,Offer,6500,test,limousine,1993,automatik,311,andere,150000,Nov,Gasoline,jaguar,No,2016-03-28 00:00:00,61350,2016-04-07 02:15:45,2016,2016,March,March,10,2,23,1
2016-03-29 15:58:58,In_gute_Zustand,privat,Offer,2530,control,limousine,2000,automatik,276,s_type,150000,May,Gasoline,jaguar,Other,2016-03-29 00:00:00,64521,2016-04-04 00:18:26,2016,2016,March,March,6,0,16,7
2016-03-23 21:38:21,JAGUAR_S_Type_Diese_Aut._Executive,privat,Offer,7200,test,limousine,2008,automatik,207,s_type,150000,Jan,Diesel,jaguar,Other,2016-03-23 00:00:00,48429,2016-03-26 15:47:27,2016,2016,March,March,3,15,8,11
2016-04-04 21:44:08,Jaguar_XJ40__TÜV_neu__Euro_2_umger./_VB_1_Euro_pro_ccm,privat,Offer,3980,test,limousine,1993,automatik,222,andere,150000,Apr,Gasoline,jaguar,No,2016-04-04 00:00:00,57250,2016-04-07 00:15:49,2016,2016,April,April,3,0,23,8
2016-03-07 22:55:54,Jaguar_X_Type_3.0i_V6_24v_Executive,privat,Offer,5000,test,limousine,2004,automatik,230,x_type,70000,Nov,Gasoline,jaguar,No,2016-03-07 00:00:00,66386,2016-03-08 14:17:26,2016,2016,March,March,1,14,12,1
2016-03-21 15:56:32,Jaguar_X_Type_2.2_Diesel_Executive,privat,Offer,2950,control,limousine,2006,manuell,155,x_type,90000,Apr,Diesel,jaguar,No,2016-03-21 00:00:00,35789,2016-03-30 20:47:22,2016,2016,March,March,9,20,10,8
2016-03-12 14:52:45,Jaguar_XJ6,privat,Offer,11500,test,limousine,1975,automatik,185,andere,150000,Jun,Gasoline,jaguar,No,2016-03-12 00:00:00,40589,2016-04-07 01:17:16,2016,2016,March,March,26,1,41,6
2016-03-19 18:48:56,Jaguar_XJ_V_8_4_0_Liter,privat,Offer,8900,test,limousine,1997,automatik,284,andere,90000,Oct,Gasoline,jaguar,No,2016-03-19 00:00:00,25451,2016-04-07 06:16:22,2016,2016,March,March,19,6,19,2
2016-03-14 23:57:16,Jaguar_X_Type_3.0_V6_4x4,privat,Offer,8999,control,limousine,2002,automatik,230,x_type,125000,Mar,Gasoline,jaguar,No,2016-03-14 00:00:00,1824,2016-04-05 13:16:59,2016,2016,March,March,22,13,14,9
2016-03-10 15:38:36,Jaguar_XJ8_3_2,privat,Offer,8900,test,limousine,1997,automatik,237,andere,150000,Jun,Gasoline,jaguar,No,2016-03-10 00:00:00,70806,2016-04-05 11:49:19,2016,2016,March,March,26,11,19,6
2016-03-11 13:59:34,Jaguar_Limousine___TÜV_09/2016_Oder_auf_Wunsch_neu,privat,Offer,6299,test,limousine,1999,manuell,238,s_type,150000,Nov,Gasoline,jaguar,Other,2016-03-11 00:00:00,58095,2016-04-07 11:18:05,2016,2016,March,March,27,11,17,1
2016-03-10 15:36:21,Hallo_ihr_Verkaufe_ich_meine_Jaguar_S_Type_4.0_L_V8,privat,Offer,2600,test,limousine,2000,automatik,279,s_type,150000,May,Gasoline,jaguar,Other,2016-03-10 00:00:00,64521,2016-03-29 05:46:31,2016,2016,March,March,19,5,16,7
2016-03-19 15:48:00,Jaguar_S_Type_2.7_Twin_Turbo_Diesel,privat,Offer,5399,control,limousine,2005,automatik,207,s_type,150000,Feb,Diesel,jaguar,No,2016-03-19 00:00:00,97241,2016-04-07 00:17:21,2016,2016,March,March,19,0,11,10
2016-03-08 08:57:38,Jaguar_XJ_40,privat,Offer,450,test,limousine,1990,manuell,221,x_type,150000,Jun,Gasoline,jaguar,No,2016-03-08 00:00:00,8058,2016-03-08 16:46:02,2016,2016,March,March,0,16,26,6
2016-03-08 22:52:47,Jaguar_XJ_6_3.2_Executive_X300_Serie_Alu_18_Zoll_255/40,privat,Offer,1650,test,limousine,1995,automatik,211,x_type,150000,Jan,Gasoline,jaguar,No,2016-03-08 00:00:00,33775,2016-04-06 01:47:16,2016,2016,March,March,29,1,21,11
2016-03-09 16:46:00,Jaguar_X_Type_3.0_V6_4x4_Executive,privat,Offer,3000,test,limousine,2002,automatik,230,x_type,150000,Feb,Gasoline,jaguar,No,2016-03-09 00:00:00,51065,2016-04-05 02:18:17,2016,2016,March,March,27,2,14,10
2016-03-21 23:49:39,Jaguar_X_Type_2.2_Diesel,privat,Offer,8200,test,limousine,2005,manuell,155,x_type,100000,Nov,Diesel,jaguar,No,2016-03-21 00:00:00,19370,2016-03-23 12:18:12,2016,2016,March,March,2,12,11,1
2016-03-06 16:38:16,Jaguar_Daimler_V8_l_Super,privat,Offer,8300,test,limousine,2000,automatik,363,andere,150000,Jun,Gasoline,jaguar,No,2016-03-06 00:00:00,1324,2016-04-06 21:17:30,2016,2016,March,March,31,21,16,6
2016-03-08 19:25:36,Jaguar_X_Type_2.2_Diesel,privat,Offer,6300,control,limousine,2009,manuell,145,x_type,150000,May,Diesel,jaguar,No,2016-03-08 00:00:00,65428,2016-03-15 08:16:27,2016,2016,March,March,7,8,7,7
2016-03-20 18:59:09,Jaguar_XJ6_X300_Sovereign_3.2,privat,Offer,3299,test,limousine,1996,automatik,211,andere,70000,Aug,Gasoline,jaguar,No,2016-03-20 00:00:00,53518,2016-04-07 03:44:27,2016,2016,March,March,18,3,20,4
2016-03-06 11:43:23,Jaguar_XJ8,privat,Offer,5500,test,limousine,1998,automatik,237,andere,150000,Aug,Gasoline,jaguar,No,2016-03-06 00:00:00,52477,2016-04-06 04:16:56,2016,2016,March,March,31,4,18,4
2016-03-23 23:06:25,Jaguar_X_Type_2.0_V6_Sport,privat,Offer,3800,control,limousine,2002,manuell,156,x_type,100000,Mar,Gasoline,jaguar,Yes,2016-03-23 00:00:00,65934,2016-04-04 23:47:16,2016,2016,March,March,12,23,14,9
2016-03-31 14:41:41,Jaguar_XJ,privat,Offer,2750,control,limousine,1995,automatik,211,andere,150000,Nov,Gasoline,jaguar,No,2016-03-31 00:00:00,50767,2016-04-06 07:15:55,2016,2016,March,March,6,7,21,1
2016-03-08 20:58:37,Jaguar_s_Type_in_schwarz,privat,Offer,1450,control,limousine,2000,manuell,240,s_type,150000,Oct,Gasoline,jaguar,No,2016-03-08 00:00:00,56070,2016-03-09 10:47:57,2016,2016,March,March,1,10,16,2
2016-03-21 15:43:11,Jaguar_XJR_V8_Supercharge,privat,Offer,11990,control,limousine,2005,automatik,399,andere,125000,Jan,Gasoline,jaguar,No,2016-03-21 00:00:00,95028,2016-04-06 13:16:52,2016,2016,March,March,16,13,11,11
2016-03-05 15:49:06,Jaguar_XF_2.7_V6_Diesel_Premium_Luxury,privat,Offer,11500,control,limousine,2008,automatik,207,andere,150000,Apr,Diesel,jaguar,No,2016-03-05 00:00:00,66557,2016-03-06 04:45:24,2016,2016,March,March,1,4,8,8
2016-03-23 17:47:32,Jaguar_Top_gepflegter_Jaguar_X_Type_2.0_V6,privat,Offer,5499,control,limousine,2002,manuell,156,x_type,125000,May,Gasoline,jaguar,No,2016-03-23 00:00:00,36433,2016-04-05 21:46:33,2016,2016,March,March,13,21,14,7
2016-03-16 14:06:21,Fuer_den_Sommer_perfekt,privat,Offer,2500,control,limousine,1987,automatik,197,x_type,150000,Jun,Gasoline,jaguar,Other,2016-03-16 00:00:00,64546,2016-04-05 21:16:16,2016,2016,March,March,20,21,29,6
2016-03-14 13:38:19,Jaguar_XJ6_2_7L,privat,Offer,11900,test,limousine,2005,automatik,207,andere,150000,May,Diesel,jaguar,No,2016-03-14 00:00:00,10587,2016-03-17 01:17:34,2016,2016,March,March,3,1,11,7
2016-03-12 12:37:00,Jaguar_X_Type_2.0_Diesel,privat,Offer,5550,test,limousine,2005,manuell,131,x_type,150000,Mar,Diesel,jaguar,No,2016-03-12 00:00:00,49406,2016-04-06 07:16:42,2016,2016,March,March,25,7,11,9
2016-03-08 14:52:57,Jaguar_X_Type_3.0_4x4_Executive_/_AUTOMATIK_/_PRINS_LPG,privat,Offer,4999,test,limousine,2001,automatik,230,x_type,150000,Sep,Lpg,jaguar,No,2016-03-08 00:00:00,45770,2016-03-17 08:17:50,2016,2016,March,March,9,8,15,3
2016-03-17 22:51:22,Jaguar_XJ_6__L_Schiebedach_X300_TÜV_Juli_2016,privat,Offer,1199,test,limousine,1995,automatik,211,x_type,150000,Nov,Gasoline,jaguar,Yes,2016-03-17 00:00:00,25358,2016-04-05 16:45:05,2016,2016,March,March,19,16,21,1
2016-03-19 12:49:41,Jaguar_XJ6___Oldtimer___6_Zylinder___36_Jahre_alt,privat,Offer,5250,test,limousine,1980,automatik,205,andere,90000,Jan,Gasoline,jaguar,Other,2016-03-19 00:00:00,66701,2016-03-30 04:44:51,2016,2016,March,March,11,4,36,11
2016-03-29 14:47:14,Jaguar_XJ6_x300_3_2L_Automatik_mit_LPG_Gasanlage__RHD_UK__Papiere,privat,Offer,1195,test,limousine,1995,automatik,211,andere,150000,Jan,Lpg,jaguar,No,2016-03-29 00:00:00,48653,2016-04-06 00:17:38,2016,2016,March,March,8,0,21,11
2016-03-25 17:37:21,Jaguar_X_Type_2.0_V6,privat,Offer,2200,test,limousine,2002,manuell,156,x_type,150000,Nov,Gasoline,jaguar,No,2016-03-25 00:00:00,73527,2016-03-25 17:37:21,2016,2016,March,March,0,17,14,1
2016-03-07 14:58:12,"Jaguar_S_TYPE_3.0_V6__""EXECUTIVE""_Voll._SCHWARZ/SCHWARZ",privat,Offer,5500,control,limousine,2000,automatik,238,s_type,150000,Apr,Gasoline,jaguar,Other,2016-03-07 00:00:00,61169,2016-03-29 07:47:27,2016,2016,March,March,22,7,16,8
2016-03-30 20:51:31,Jaguar_X_Type_2.5_V6_4x4,privat,Offer,650,control,limousine,2002,manuell,196,x_type,150000,Feb,Gasoline,jaguar,Yes,2016-03-30 00:00:00,63688,2016-03-30 20:51:31,2016,2016,March,March,0,20,14,10
2016-03-07 00:42:03,Jaguar_XJR_4.0_Kompressor,privat,Offer,5900,test,limousine,1996,automatik,320,andere,150000,Feb,Gasoline,jaguar,No,2016-03-06 00:00:00,23898,2016-04-07 03:16:05,2016,2016,March,March,32,3,20,10
2016-03-07 00:49:23,Jaguar_X_Type_2.0_Diesel,privat,Offer,2900,test,limousine,2005,manuell,131,x_type,150000,Jun,Diesel,jaguar,No,2016-03-06 00:00:00,66663,2016-03-16 20:45:46,2016,2016,March,March,10,20,11,6
2016-03-21 12:54:22,Jaguar_XJ6_2.7_Diesel_Twin_Turbo_Sovereign,privat,Offer,11990,control,limousine,2005,automatik,207,andere,150000,May,Diesel,jaguar,No,2016-03-21 00:00:00,10587,2016-04-06 07:45:39,2016,2016,March,March,16,7,11,7
2016-03-21 13:38:59,Sehr_gepflegte_Jaguar_aus_1.Hand,privat,Offer,1999,test,limousine,2000,automatik,234,s_type,150000,May,Gasoline,jaguar,No,2016-03-21 00:00:00,54634,2016-03-26 19:16:50,2016,2016,March,March,5,19,16,7
2016-03-19 12:38:40,Jaguar_S_Type_4.0_V8_voll/Leder/checkheft,privat,Offer,2500,test,limousine,1999,automatik,276,s_type,150000,Nov,Gasoline,jaguar,No,2016-03-19 00:00:00,49635,2016-03-19 12:38:40,2016,2016,March,March,0,12,17,1
2016-03-24 20:54:32,Jaguar_X_Type_2.2_D_Leder_Xenon_Navi_Scheckh._PDZ_Sitzh,privat,Offer,11300,test,limousine,2008,manuell,145,x_type,100000,Jun,Diesel,jaguar,No,2016-03-24 00:00:00,44225,2016-04-05 14:46:19,2016,2016,March,March,12,14,8,6
2016-03-09 15:48:36,Jaguar_XJ6_3.0,privat,Offer,5800,control,limousine,2003,automatik,238,andere,150000,Nov,Gasoline,jaguar,No,2016-03-09 00:00:00,25727,2016-04-07 01:17:50,2016,2016,March,March,29,1,13,1
2016-03-21 21:39:01,Jaguar_XF_LUXURY_Austattung_sehr_gepflegt,privat,Offer,12500,control,limousine,2008,automatik,299,andere,80000,Apr,Gasoline,jaguar,No,2016-03-21 00:00:00,47139,2016-04-03 00:16:30,2016,2016,March,March,13,0,8,8
2016-04-01 16:43:47,Jaguar_schwarz_lederschwarz,privat,Offer,7770,control,limousine,2002,automatik,200,s_type,150000,May,Diesel,jaguar,Yes,2016-04-01 00:00:00,55232,2016-04-05 11:45:17,2016,2016,April,April,4,11,14,7
2016-03-22 15:47:16,Jaguar_X_Type_3.0_V6_4x4_Aut._Executive,privat,Offer,900,control,limousine,2004,automatik,230,x_type,150000,Feb,Gasoline,jaguar,Yes,2016-03-22 00:00:00,97422,2016-03-22 15:47:16,2016,2016,March,March,0,15,12,10
2016-03-11 20:52:32,Jaguar_X_Type,privat,Offer,4200,control,limousine,2001,automatik,230,x_type,150000,Mar,Gasoline,jaguar,No,2016-03-11 00:00:00,54456,2016-04-02 06:46:25,2016,2016,March,March,22,6,15,9
2016-03-21 16:43:36,Jaguar_X_Type_2.0_V6_scheckheftgepflegt__8_fach_bereift,privat,Offer,2850,control,limousine,2002,manuell,156,x_type,150000,Sep,Gasoline,jaguar,No,2016-03-21 00:00:00,85551,2016-03-31 20:46:35,2016,2016,March,March,10,20,14,3
2016-03-28 14:52:11,Jaguar_X_Type_2.0_V6_sehr_gepflegt_lueckenloses_Scheckheft_137tkm,privat,Offer,2890,test,limousine,2003,manuell,0,x_type,150000,Nov,Gasoline,jaguar,No,2016-03-28 00:00:00,70329,2016-03-30 05:46:34,2016,2016,March,March,2,5,13,1
2016-03-22 21:56:50,Jaguar_Jaguar_X_Type_3.0_V6,privat,Offer,1000,control,limousine,2002,manuell,230,x_type,150000,Feb,Gasoline,jaguar,Yes,2016-03-22 00:00:00,84085,2016-04-06 19:47:37,2016,2016,March,March,15,19,14,10
2016-03-24 16:36:19,Jaguar_X_Type_3.0_V6_4x4_Aut.,privat,Offer,1499,control,limousine,2005,automatik,230,x_type,150000,Mar,Gasoline,jaguar,Yes,2016-03-24 00:00:00,97422,2016-04-01 13:45:46,2016,2016,March,March,8,13,11,9
2016-03-11 15:46:56,Jaguar_XJ_12_Serie_II__Sehr_guter_Zustand_ohne_Rost,privat,Offer,7800,test,limousine,1978,automatik,298,andere,80000,Mar,Gasoline,jaguar,No,2016-03-11 00:00:00,47441,2016-04-05 12:46:01,2016,2016,March,March,25,12,38,9
2016-03-17 09:51:47,++++_Jaguar_X_Type_Executive_3.0_V6_Allrad_Automatik_231_PS_++++,privat,Offer,4999,test,limousine,2001,automatik,231,x_type,150000,Nov,Gasoline,jaguar,No,2016-03-17 00:00:00,26384,2016-03-17 10:42:47,2016,2016,March,March,0,10,15,1
2016-03-10 10:55:30,Reserviert!_Alufelgen_von_meinem_S_Type_zu_verkaufen,privat,Offer,199,test,limousine,2004,Unspecified,0,s_type,125000,Jan,Gasoline,jaguar,Other,2016-03-10 00:00:00,33602,2016-03-10 10:55:30,2016,2016,March,March,0,10,12,11
2016-04-04 22:50:46,Jaguar_S_Type_2.5_V6_Sport,privat,Offer,4350,control,limousine,2002,automatik,200,s_type,150000,Nov,Gasoline,jaguar,No,2016-04-04 00:00:00,65462,2016-04-05 12:30:17,2016,2016,April,April,1,12,14,1
2016-03-17 13:53:11,JAGUAR_S__TYPE_4.0_V8_3._HAND,privat,Offer,2250,control,limousine,2001,automatik,276,s_type,125000,Apr,Gasoline,jaguar,Other,2016-03-17 00:00:00,51065,2016-03-19 13:17:41,2016,2016,March,March,2,13,15,8
